Date,Open,High,Low,Close,Volume,Dividends,Stock Splits,previs√£o
2019-01-04,6.469522271486358,6.573098459605157,6.381881232230322,6.485457420349121,681800,0.0,0,6.3524523
2019-01-07,6.509359335845013,6.652772635234164,6.389848759573864,6.533261299133301,772700,0.0,0,6.5216584
2019-01-08,6.517326958244927,6.581066034036539,6.389848806661703,6.485457420349121,495900,0.0,0,6.5283546
2019-01-09,6.533261570715546,6.692609265644268,6.485457642151802,6.549196720123291,616400,0.0,0,6.5165563
2019-01-10,6.493424674820114,6.692609490119255,6.493424674820114,6.612936019897461,503400,0.0,0,6.5391655
2019-01-11,6.75634778111393,6.875859112232827,6.636837209824715,6.724478244781494,1026300,0.0,0,6.5526648
2019-01-14,6.644804929123518,6.891793651141757,6.644804929123518,6.77228307723999,1195400,0.0,0,6.6068707
2019-01-15,6.764315503025286,6.867891688327344,6.708544003181754,6.77228307723999,411000,0.0,0,6.6479063
2019-01-16,6.772283759960162,6.81212087522,6.652773174010422,6.756348609924316,401400,0.0,0,6.677043
2019-01-17,6.756348395411194,7.027239858781598,6.724478856181132,6.87585973739624,841900,0.0,0,6.68291
2019-01-18,6.931631266455975,7.011305494737554,6.812120683863361,6.85195779800415,610200,0.0,0,6.7090616
2019-01-21,6.85195779800415,6.859924612968505,6.748381605169999,6.85195779800415,160900,0.0,0,6.7182927
2019-01-22,6.859924632614706,6.859924632614706,6.620903466744942,6.644805431365967,588900,0.0,0,6.774683
2019-01-23,6.692609292630821,6.9316312159025815,6.636837789138317,6.89976167678833,479500,0.0,0,6.679888
2019-01-24,6.931630810405632,7.122848033905029,6.907728847425633,7.122848033905029,609700,0.0,0,6.733418
2019-01-28,7.075044824399535,7.369838263770792,6.979436202968028,7.345936298370361,1257300,0.0,0,6.8584976
2019-01-29,7.330000555872327,7.425609169577608,7.170652866363525,7.170652866363525,844800,0.0,0,7.182011
2019-01-30,7.178619716718172,7.36983692484143,7.10691307371454,7.234391212463379,784900,0.0,0,7.191306
2019-01-31,7.218457400165603,7.385772660561719,7.218457400165603,7.330000400543213,1496100,0.0,0,7.2779512
2019-02-01,7.353902390250632,7.353902390250632,7.130815628854381,7.202522277832031,1155200,0.0,0,7.288482
2019-02-04,7.178621047433285,7.226424978410788,7.043175309947391,7.138783931732178,1043700,0.0,0,7.2443466
2019-02-05,7.170653381250073,7.186588531260032,6.963500990099259,7.043175220489502,823600,0.0,0,7.219019
2019-02-06,7.043175593975591,7.051143169403075,6.931631817480253,7.051143169403076,713900,0.0,0,7.1069975
2019-02-07,7.067076729581923,7.09097869322451,6.581066083090803,6.628870010375977,1518000,0.0,0,7.0718307
2019-02-08,6.628869515397673,6.875858987360753,6.596999979644018,6.859923839569092,889400,0.0,0,6.7470636
2019-02-11,6.875859585791362,7.035207278428239,6.740413857092585,6.931631088256836,1195800,0.0,0,6.8078475
2019-02-12,6.963500755016834,7.0272398332453365,6.780251095067324,6.89976167678833,882500,0.0,0,6.7043495
2019-02-13,7.00333703026268,7.226423777349243,6.9156959981503725,6.9714674949646,1120900,0.0,0,6.8223505
2019-02-14,6.97146759462172,6.979435168517551,6.7404132704503015,6.859923839569092,935700,0.0,0,6.898643
2019-02-15,6.891793724785012,7.06707656023302,6.851957372945211,6.995369911193848,1027700,0.0,0,6.824233
2019-02-18,7.043174748974611,7.043174748974611,6.8917938733335005,6.939598560333252,253200,0.0,0,6.923801
2019-02-19,6.995369556479544,7.0272390922332,6.836021877711268,6.859923839569092,436600,0.0,0,6.8667936
2019-02-20,6.859924335276907,7.011305210918017,6.851957520635051,6.939598560333252,660600,0.0,0,6.861359
2019-02-21,6.987403127565623,6.987403127565623,6.716511678812927,6.764315605163574,937500,0.0,0,6.8702717
2019-02-22,6.82805494677971,6.883827209472656,6.740413905161849,6.883827209472656,642600,0.0,0,6.7281675
2019-02-25,6.923663265258709,6.931630839562123,6.772283152642362,6.891793727874756,365500,0.0,0,6.8054338
2019-02-26,6.923663184236635,7.035206943690015,6.804152610402777,6.979435443878174,755000,0.0,0,6.753803
2019-02-27,7.027239714546803,7.162685443451967,6.955533062793512,7.11488151550293,473900,0.0,0,6.879073
2019-02-28,7.122848214201232,7.194554864785998,6.923663411390094,6.939598560333252,680900,0.0,0,6.996965
2019-03-01,6.987402624337714,7.146750300413277,6.923662794077835,7.098945617675781,575300,0.0,0,6.94801
2019-03-06,7.090978780893711,7.114881504661543,6.891793975140184,6.931631088256836,852900,0.0,0,7.0732827
2019-03-07,6.971468355086427,6.97943592985138,6.87585973739624,6.87585973739624,592600,0.0,0,6.9221582
2019-03-08,6.883826709585233,7.098945890600253,6.812120062636999,7.01130485534668,984900,0.0,0,6.916866
2019-03-11,7.043174695628569,7.210489959115844,7.01130515781336,7.090978622436523,1021200,0.0,0,6.9198823
2019-03-12,7.250326963760366,7.46544615086361,7.1945547035390245,7.202522277832031,1903000,0.0,0,6.9813795
2019-03-13,7.266262405026617,7.752273109852552,7.226425287620927,7.728371143341064,2060000,0.0,0,7.1285605
2019-03-14,7.728370704386601,7.839914474821128,7.553087853655134,7.600892543792725,1713900,0.0,0,7.491376
2019-03-15,7.650680020000772,7.717063295507633,7.52621078491211,7.526210784912109,979700,0.38,0,7.508472
2019-03-18,7.526210553944319,7.600891934435447,7.476423494517594,7.501317024230957,968800,0.0,0,7.572143
2019-03-19,7.5511052349369345,7.692169895621659,7.509615489203002,7.625785827636719,1096200,0.0,0,7.5290775
2019-03-20,7.650679626485489,7.700466684879287,7.517913082300661,7.592593669891357,790800,0.0,0,7.5787683
2019-03-21,7.592593792106744,7.592593792106744,7.318762592480011,7.327060699462891,994200,0.0,0,7.563103
2019-03-22,7.310465581211094,7.310465581211094,7.119613069414119,7.194294452667236,796700,0.0,0,7.44153
2019-03-25,7.177698151518926,7.268975748328868,7.0947194532884135,7.12791109085083,556900,0.0,0,7.340362
2019-03-26,7.161102473039636,7.32706065493345,7.161102473039636,7.293869018554687,513200,0.0,0,7.210335
2019-03-27,7.27727410809436,7.27727410809436,7.053229953259934,7.103017807006836,736300,0.0,0,7.258637
2019-03-28,7.061527630681671,7.368550467926391,6.961952720603739,7.136209011077881,896100,0.0,0,7.143017
2019-03-29,7.25237962126363,7.260677728591992,7.136209284070843,7.194294452667236,580700,0.0,0,7.1917963
2019-04-01,7.219188171266771,7.293869556464363,7.161103001158018,7.1859965324401855,383200,0.0,0,7.1662636
2019-04-02,7.235783994580231,7.260677524514558,7.136209083491871,7.252379417419434,426500,0.0,0,7.1825175
2019-04-03,7.260677524514558,7.385145965537246,7.194294250455652,7.252379417419434,524700,0.0,0,7.2420907
2019-04-04,7.260677480383631,7.327060754039055,7.202592313772896,7.2191877365112305,352900,0.0,0,7.248966
2019-04-05,7.210889152023232,7.385145431668723,7.202591836878963,7.360251903533935,434400,0.0,0,7.250049
2019-04-08,7.393444367903742,7.48472196689337,7.260677814483643,7.260677814483643,405200,0.0,0,7.3303614
2019-04-09,7.26067713852282,7.4598269501123475,7.194293867992978,7.318762302398682,1071000,0.0,0,7.278699
2019-04-10,7.376848604956145,7.426635664522191,7.152804462855806,7.2191877365112305,929500,0.0,0,7.3432693
2019-04-11,7.219187852203475,7.227485959381146,7.036633451049982,7.094719409942627,584900,0.0,0,7.261136
2019-04-12,7.069826100753392,7.127911270110641,6.812590309662143,6.895569801330566,708700,0.0,0,7.190488
2019-04-15,6.903866867366335,6.978548248892825,6.829185485839844,6.829185485839844,684000,0.0,0,7.010325
2019-04-16,6.829185485839844,6.903866867366335,6.7628022114498645,6.829185485839844,1038300,0.0,0,6.875083
2019-04-17,6.829185397555245,6.854079718642954,6.588546228840204,6.7628021240234375,1235000,0.0,0,6.762183
2019-04-18,6.787696162212259,6.937058125758169,6.7130147847638,6.845781326293945,747500,0.0,0,6.700905
2019-04-22,6.878973646935807,6.895569861955836,6.721313561000964,6.787696838378906,452200,0.0,0,6.718934
2019-04-23,6.7793982756145,7.011739730834962,6.76280206170895,7.011739730834961,1099600,0.0,0,6.695675
2019-04-24,7.020037716202119,7.020037716202119,6.779398158196711,6.862377643585205,641000,0.0,0,6.853579
2019-04-25,6.89556951135446,7.003441738095598,6.729610534996606,6.887271404266357,754600,0.0,0,6.7815704
2019-04-26,6.995144801949475,6.995144801949475,6.87897367046517,6.961953163146973,284700,0.0,0,6.8691316
2019-04-29,7.003441632987983,7.003441632987983,6.812589920932219,6.870675086975098,403300,0.0,0,6.855146
2019-04-30,6.887271256173905,6.912164785551895,6.671525224628578,6.837483406066895,672500,0.0,0,6.8233075
2019-05-02,6.7462065223115175,6.870674959043238,6.7462065223115175,6.862377643585205,579000,0.0,0,6.8126793
2019-05-03,6.887271460284273,6.887271460284273,6.7462068040433705,6.779398441314697,470100,0.0,0,6.775326
2019-05-06,6.663227170018862,6.771100186638226,6.663227170018862,6.729610443115234,346000,0.0,0,6.7092776
2019-05-07,6.729610360016529,6.812589846037863,6.646631665346221,6.754504680633545,459800,0.0,0,6.694843
2019-05-08,6.7793981448313225,6.945356323930109,6.713014873191808,6.912164688110352,527600,0.0,0,6.67952
2019-05-09,6.887271172661346,6.903866594928432,6.795993580463797,6.862377643585205,445800,0.0,0,6.7088547
2019-05-10,6.878973297178256,6.95365467826908,6.804291916087431,6.887271404266357,579900,0.0,0,6.7358437
2019-05-13,6.961952424876498,7.285570671045483,6.862377519028271,7.177697658538818,1613100,0.0,0,6.8209333
2019-05-14,7.252379223198269,7.526210419195729,7.252379223198269,7.401741981506348,1527500,0.0,0,7.0025587
2019-05-15,7.335358937794511,7.468125486493788,7.202592389095234,7.4266357421875,1359900,0.0,0,7.223032
2019-05-16,7.45982737936232,7.534508760843426,7.376848682100798,7.4266357421875,516000,0.0,0,7.370004
2019-05-17,7.443231385784547,7.459826807424075,7.268975106139056,7.360251903533935,515200,0.0,0,7.433599
2019-05-20,7.360252796684361,7.58429695113768,7.343657373031015,7.468125820159912,726800,0.0,0,7.4020495
2019-05-21,7.493018761293197,7.841531335432511,7.493018761293197,7.8249359130859375,812700,0.0,0,7.457494
2019-05-22,7.824936084930941,7.941106417961269,7.758552811384741,7.866425037384033,687700,0.0,0,7.6453676
2019-05-23,7.858128054591913,8.032384352870334,7.824936416412741,7.999192714691162,580400,0.0,0,7.741319
2019-05-24,8.032383936620631,8.065575573079764,7.75025463104248,7.75025463104248,517800,0.0,0,7.976907
2019-05-27,7.833233674008963,8.015788078308105,7.800042036077398,8.015788078308105,313100,0.0,0,7.7666125
2019-05-28,8.015787354502587,8.306214753692217,7.990893826139504,8.181745529174805,730700,0.0,0,8.028237
2019-05-29,8.173447981163692,8.264724776795976,8.09876660685047,8.156851768493652,543400,0.0,0,8.129961
2019-05-30,8.131958240839571,8.281320198115038,8.12366013450455,8.156851768493652,539900,0.0,0,8.172732
2019-05-31,8.10706485139644,8.339406293281154,8.10706485139644,8.256426811218262,782300,0.0,0,8.204015
2019-06-03,8.239832240323924,8.389194215566372,8.190044387675727,8.331109046936035,1034800,0.0,0,8.282797
2019-06-04,8.322811188258719,8.497067490706957,8.214938163757324,8.214938163757324,996500,0.0,0,8.344769
2019-06-05,8.231533553890056,8.604939652753107,8.02408563326047,8.45557689666748,1461500,0.0,0,8.265041
2019-06-06,8.555152634399457,8.679621070810626,8.497066678236695,8.629833221435547,698700,0.0,0,8.472451
2019-06-07,8.671323598847591,9.127709218018744,8.671323598847591,8.994942665100098,1088200,0.0,0,8.588655
2019-06-10,8.961750501311956,9.069623517069951,8.862175592462505,8.87047290802002,642700,0.0,0,8.881064
2019-06-11,8.754302532498468,8.978345878440638,8.754302532498468,8.837281227111816,368900,0.0,0,8.7924185
2019-06-12,8.828984216914234,8.986644296077412,8.770898258190071,8.795792579650879,274400,0.0,0,8.803771
2019-06-13,8.804090109838523,8.98664451490782,8.804090109838523,8.961750984191895,259100,0.0,0,8.766265
2019-06-14,8.92855927483806,8.945154698065828,8.729409447998439,8.754302978515625,610700,0.0,0,8.884411
2019-06-17,8.779196421923947,8.853877804085569,8.679621509492137,8.687919616699219,257700,0.0,0,8.722106
2019-06-18,8.6962166973558,9.077920913696287,8.613238001582411,9.077920913696287,787800,0.0,0,8.700209
2019-06-19,9.09451835406627,9.09451835406627,8.828985225622368,9.003241539001465,499400,0.0,0,8.996652
2019-06-21,9.028133854502464,9.185793930417628,8.928558944763775,9.077920913696287,771500,0.0,0,8.887825
2019-06-24,9.102815779533891,9.484520018722993,9.102815779533891,9.376646995544434,626800,0.0,0,9.0049305
2019-06-25,9.40153962038624,9.459624784440644,9.16919817281762,9.268773078918455,612300,0.0,0,9.33554
2019-06-26,9.368348407204907,9.534306591518558,9.27707160367016,9.28536891937256,485000,0.0,0,9.185395
2019-06-27,9.293667461336716,9.368348845610448,9.218986077062988,9.34345531463623,302900,0.0,0,9.242414
2019-06-28,9.360051072476866,9.526009270484218,9.293667793273926,9.293667793273926,438600,0.0,0,9.298682
2019-07-01,9.418137266555688,9.49281786397945,9.235582848589411,9.318561553955078,350900,0.0,0,9.235259
2019-07-02,9.335156889400029,9.625584309166229,9.285369037795428,9.526008605957031,427600,0.0,0,9.274909
2019-07-03,9.501114558413263,9.72515869140625,9.40153965197783,9.72515869140625,767200,0.0,0,9.50336
2019-07-04,9.758350876887404,9.899415533459411,9.617286220315396,9.84132957458496,558200,0.0,0,9.704639
2019-07-05,9.808137688664845,10.098565101623535,9.65047761308938,10.098565101623535,511700,0.0,0,9.822809
2019-07-08,10.098565350502788,10.455376045271173,9.99899043852462,10.438779830932615,511400,0.0,0,10.092925
2019-07-10,10.471971455773646,10.646227749365446,10.422184395519448,10.57984447479248,1189600,0.0,0,10.42695
2019-07-11,10.662824567690413,10.812186548264815,10.214737043265002,10.455376625061035,1137000,0.0,0,10.555806
2019-07-12,10.455375587758423,10.505162645893368,10.24792766571045,10.24792766571045,536500,0.0,0,10.421823
2019-07-15,10.272822608254405,10.339205889135602,10.09856629810348,10.29771614074707,319500,0.0,0,10.213156
2019-07-16,10.297715724166355,10.47197202726797,10.25622597745624,10.281120300292969,636700,0.0,0,10.281027
2019-07-17,10.314311560704228,10.364098621847573,9.932607329417277,10.115160942077637,1581900,0.0,0,10.258728
2019-07-18,10.08196874617179,10.2811193537756,10.040479794632397,10.140054702758787,354300,0.0,0,10.085125
2019-07-19,10.098564427081666,10.40558724211102,9.866222987044772,10.015584945678713,1206200,0.0,0,10.125932
2019-07-22,10.090267003917688,10.148352170022312,9.84132933420339,9.957500457763672,624300,0.0,0,9.988717
2019-07-23,9.990692987662303,10.115161437973809,9.957501348155828,10.065374374389648,468400,0.0,0,9.9387865
2019-07-24,10.123459272259712,10.123459272259712,9.916011333109507,10.007288932800291,286900,0.0,0,10.056221
2019-07-25,10.007288373085196,10.057075432540008,9.667073107172444,9.708562850952148,805400,0.0,0,9.983805
2019-07-26,9.716860981043146,10.19814011078764,9.716860981043146,10.023883819580078,564600,0.0,0,9.663715
2019-07-29,10.131756676764,10.34750270843506,9.965798495228965,10.34750270843506,491000,0.0,0,10.0339
2019-07-30,10.330907488093626,10.405588874804,10.115161435675017,10.380695343017578,600600,0.0,0,10.336845
2019-07-31,10.388992584716222,10.455375858180457,10.272821460478292,10.447077751159668,550900,0.0,0,10.357413
2019-08-01,10.447078095808427,10.770696366784966,10.35580049827058,10.712611198425291,966100,0.0,0,10.424778
2019-08-02,10.837080212453069,10.837080212453069,10.39729003103735,10.546652793884276,407300,0.0,0,10.686305
2019-08-05,10.463673139130242,10.471971246123497,10.206438153147635,10.272821426391602,319800,0.0,0,10.508989
2019-08-06,10.256225459891134,10.671121323353008,10.256225459891134,10.613036155700684,333900,0.0,0,10.231987
2019-08-07,10.563248150752717,10.795590400695804,10.339204799233867,10.7955904006958,428900,0.0,0,10.595514
2019-08-08,10.795590518978456,11.293465078559256,10.795590518978456,11.036230087280272,1034500,0.0,0,10.763634
2019-08-09,11.019634090342723,11.069421942958527,10.66282418010859,10.745802879333496,652800,0.0,0,10.989776
2019-08-12,10.745803752505871,10.754101860507964,10.521760375907338,10.679420471191406,378000,0.0,0,10.695895
2019-08-13,10.671121247520714,10.95325055928606,10.33920487565034,10.405588150024414,1185800,0.0,0,10.637805
2019-08-14,10.355800398273145,10.480269632436205,10.057075660713709,10.330906867980955,825100,0.0,0,10.362069
2019-08-15,10.330907298166544,10.330907298166544,9.874521669933255,10.0736722946167,442500,0.0,0,10.30449
2019-08-16,10.098566202156931,10.264524402783156,9.94090531804868,10.057076454162598,694900,0.0,0,10.036727
2019-08-19,10.364097364237182,10.480268478393556,10.123457820974744,10.480268478393556,841100,0.0,0,10.043013
2019-08-20,10.488568369226885,10.538355432799728,10.115161435675017,10.380695343017578,725500,0.0,0,10.472319
2019-08-21,10.704312414879915,10.770695686340332,10.397289586537733,10.770695686340332,975700,0.0,0,10.350106
2019-08-22,10.770695893204127,10.861973486728555,10.563247968068293,10.803888320922852,636300,0.0,0,10.743875
2019-08-23,10.828780974796024,10.828780974796024,10.148351297248157,10.164947509765623,908400,0.0,0,10.767579
2019-08-26,10.131756802601153,10.256225242460577,9.816435858092762,9.849627494812012,466800,0.0,0,10.090453
2019-08-27,9.849627293876877,10.23962961088518,9.841329187028586,10.140054702758787,727100,0.0,0,9.81598
2019-08-28,9.990692032729054,10.289416759734536,9.949202289473869,10.206438064575195,627300,0.0,0,10.145711
2019-08-29,10.32260789853538,10.621333402493804,10.08196834887498,10.53835391998291,640900,0.0,0,10.187355
2019-08-30,10.546652160476867,10.778993606567385,10.546652160476867,10.778993606567385,802700,0.0,0,10.523724
2019-09-02,10.787292777805586,11.019634246826172,10.704313286051264,11.019634246826172,352600,0.0,0,10.74932
2019-09-03,11.019633252259665,11.019633252259665,10.729206640033878,10.845376968383787,662600,0.0,0,10.974995
2019-09-04,11.019633879814116,11.019633879814116,10.131756987828842,10.438779830932615,1064500,0.0,0,10.797803
2019-09-05,10.471970650514592,10.53835391998291,10.306012476843796,10.53835391998291,715800,0.0,0,10.382899
2019-09-06,10.56324735504276,10.621333308828548,10.32260780750446,10.471970558166504,424100,0.0,0,10.513679
2019-09-09,10.554952086533635,10.554952086533635,10.07367289813779,10.08197021484375,658500,0.0,0,10.441345
2019-09-10,10.090266130288176,10.173245610125472,9.808136848462524,9.882818222045898,617600,0.0,0,10.0324955
2019-09-11,10.007287764236366,10.57154555471707,10.007287764236366,10.53835391998291,938800,0.0,0,9.857218
2019-09-12,10.5964412893571,10.637930244802096,10.32260927704331,10.455376625061035,384800,0.0,0,10.53533
2019-09-13,10.530057623831262,10.530057623831262,10.264524500306472,10.29771614074707,467200,0.0,0,10.42474
2019-09-16,10.289416992315942,10.380694587810792,10.081969062701903,10.231331825256348,449000,0.0,0,10.265664
2019-09-17,10.057076628252558,10.438780891975806,10.057076628252558,10.364099502563477,416000,0.0,0,10.208169
2019-09-18,10.380693807206445,10.505162239074709,10.27282079695682,10.505162239074709,249500,0.0,0,10.348981
2019-09-19,10.50516344775527,10.936655538399457,10.48026991678767,10.704313278198242,438000,0.0,0,10.484139
2019-09-20,10.704312816624304,10.787292304739642,10.438779720816893,10.654525756835938,493000,0.0,0,10.676503
2019-09-23,10.662823775433392,10.662823775433392,10.413886104504204,10.588142395019531,335100,0.0,0,10.619125
2019-09-24,10.546652382034582,10.57984401788764,10.372396095968272,10.388992309570312,344400,0.0,0,10.552714
2019-09-25,10.388992694919606,10.430481647761574,10.18984208106333,10.231331825256348,325800,0.0,0,10.351532
2019-09-26,10.339205119475912,10.496865201994616,10.140055291657212,10.289417266845703,257600,0.0,0,10.201263
2019-09-27,10.214736674926993,10.38069486477591,10.131757184326998,10.289417266845703,262600,0.0,0,10.273186
2019-09-30,10.289416617039228,10.397289631466297,10.01558542324398,10.24792766571045,1646700,0.0,0,10.267826
2019-10-01,10.24792809556501,10.306013262942528,10.098565332193044,10.123458862304688,669400,0.0,0,10.224981
2019-10-02,10.14005499999346,10.14005499999346,9.833032159766256,9.916010856628418,449200,0.0,0,10.096885
2019-10-03,9.957500258302874,10.24792766571045,9.891116986555602,10.24792766571045,863600,0.0,0,9.884539
2019-10-04,10.1981411144336,10.372397422790527,10.090268086274444,10.372397422790527,355500,0.0,0,10.249558
2019-10-07,10.25622489043581,10.613035566434196,10.156649983695774,10.181544303894045,1318800,0.0,0,10.3534975
2019-10-08,10.156649983695774,10.347502481794102,10.106862926001265,10.181544303894045,411400,0.0,0,10.147897
2019-10-09,10.339204375061346,10.339204375061346,10.156649983695774,10.181544303894045,389400,0.0,0,10.164913
2019-10-10,10.4553756790594,10.737504190773462,10.314311027526855,10.314311027526855,2803700,0.0,0,10.162681
2019-10-11,10.463672543993304,10.77899346964331,10.430480909259146,10.53835391998291,1049300,0.0,0,10.300331
2019-10-14,10.671120594473322,10.853674983505655,10.62963164404184,10.778993606567385,1094100,0.0,0,10.519454
2019-10-15,10.761733493172656,10.761733493172656,10.52009013286323,10.597761154174805,606000,0.5,0,10.748798
2019-10-16,10.615022229415642,10.615022229415642,10.235297401972586,10.295708656311035,1301700,0.0,0,10.557753
2019-10-17,10.2870785433516,10.74447358077891,10.2870785433516,10.571871757507324,842600,0.0,0,10.251923
2019-10-18,10.580501413905353,10.735842633930517,10.51146068877631,10.675432205200195,275900,0.0,0,10.554385
2019-10-21,10.658173172194491,10.822144699953144,10.571871848302306,10.709953308105469,806400,0.0,0,10.646138
2019-10-22,10.709952638436308,10.822144023268908,10.606391550059376,10.73584270477295,452200,0.0,0,10.675314
2019-10-23,10.701323184431796,10.744473847076767,10.545981951152498,10.692693710327148,364800,0.0,0,10.699025
2019-10-24,10.7358429961612,10.753103589541023,10.528720813785707,10.545981407165527,266500,0.0,0,10.654622
2019-10-25,10.545982729957736,10.563242502472074,10.166257858276367,10.166257858276367,526100,0.0,0,10.507378
2019-10-28,10.24392689513474,10.537350377950633,10.097215153726792,10.416528701782228,636500,0.0,0,10.11746
2019-10-29,10.476941324114687,10.476941324114687,10.183517802853206,10.269818305969238,302500,0.0,0,10.407618
2019-10-30,10.25255853455821,10.390639997968217,10.105846773927468,10.269818305969238,906900,0.0,0,10.237957
2019-10-31,10.312969207763672,10.32159950518418,10.131737077085328,10.312969207763672,1016600,0.0,0,10.250247
2019-11-01,10.537351271790133,10.787624118416172,10.364749450501556,10.744473457336426,1267000,0.0,0,10.293852
2019-11-04,10.761734143508962,11.046527356841343,10.761734143508962,10.88255500793457,881700,0.0,0,10.720699
2019-11-05,10.960225446356295,11.012006401927271,10.39926934666092,10.44242000579834,664200,0.0,0,10.84593
2019-11-06,10.520091488088443,10.735843987067565,10.382010020426684,10.623653411865234,610800,0.0,0,10.386949
2019-11-07,10.632282949243152,10.7444743481399,10.520091550346407,10.684063911437988,384100,0.0,0,10.598025
2019-11-08,10.528721440158566,10.563241805941496,10.22666844531555,10.364749908447266,519100,0.0,0,10.652213
2019-11-11,10.26981828527138,10.364749908447266,10.18351778232928,10.364749908447266,300700,0.0,0,10.3191395
2019-11-12,10.36474957636609,10.36474957636609,10.11447672670086,10.183517456054688,475800,0.0,0,10.342505
2019-11-13,10.209406996115725,10.235297062527636,9.94187438945508,10.114476203918455,414800,0.0,0,10.151401
2019-11-14,10.166257208411734,10.356119632115714,10.002285676369963,10.269818305969238,383500,0.0,0,10.094024
2019-11-18,10.399269696970306,10.571871516303885,10.37337962982787,10.52872085571289,489500,0.0,0,10.259243
2019-11-19,10.537351204573635,10.571871568611147,10.27844806277708,10.295708656311035,466300,0.0,0,10.511476
2019-11-21,10.338859037674242,10.41653006659998,10.235297940116736,10.269818305969238,479800,0.0,0,10.257719
2019-11-22,10.330229088442591,10.416529587590048,10.235297469440866,10.356119155883787,387800,0.0,0,10.248996
2019-11-25,10.364749083256648,10.407899742807473,10.097215652465822,10.09721565246582,684900,0.0,0,10.338386
2019-11-26,10.097216199031305,10.24392795562744,9.855573644709011,10.24392795562744,570400,0.0,0,10.05869
2019-11-27,10.235297104604166,10.235297104604166,10.010915156394542,10.09721565246582,575200,0.0,0,10.23608
2019-11-28,10.097215935563383,10.218037621087126,10.028175207558505,10.123106002807615,313500,0.0,0,10.066933
2019-11-29,10.1489975427805,10.485570907592772,9.959135117097643,10.485570907592772,996300,0.0,0,10.1091385
2019-12-02,10.476940960465551,10.58913235134969,10.321598908005916,10.571871757507324,1571100,0.0,0,10.47489
2019-12-03,10.554611387692548,11.003376960754396,10.511461548231582,11.003376960754396,809500,0.0,0,10.546011
2019-12-04,11.063787612450907,11.167348710652814,10.848035118772655,10.968856811523438,470100,0.0,0,10.960857
2019-12-05,10.994745680656113,11.098306767558244,10.891184593753977,10.925704956054688,517300,0.0,0,10.923983
2019-12-06,10.9257059185768,11.52981272357444,10.9257059185768,11.391731262207031,2657800,0.0,0,10.875456
2019-12-09,11.547073056573703,11.81460567616405,11.331320572309687,11.443511962890623,1266300,0.0,0,11.3135395
2019-12-10,11.443511652396618,11.5211826763091,11.141457853410383,11.339950561523438,676600,0.0,0,11.37454
2019-12-11,11.391731394526756,11.693785212049274,11.374471623170566,11.685154914855955,678900,0.0,0,11.267131
2019-12-12,11.728305025234937,12.125289624089412,11.616113636098843,11.926796913146973,2520100,0.0,0,11.580107
2019-12-13,12.073509198575588,12.51364447773352,11.94405803319052,12.46186351776123,739700,0.0,0,11.81444
2019-12-16,12.513644032527692,12.6085748288973,12.168440388428747,12.237481117248535,1242800,0.0,0,12.27559
2019-12-17,12.254740619038436,12.401452370318864,12.03035784378244,12.116659164428713,981200,0.0,0,12.131758
2019-12-18,11.987208010904194,12.505013465881348,11.857756029887112,12.505013465881348,1509000,0.0,0,11.990939
2019-12-19,12.513644411677513,12.599945736832291,12.246110962122051,12.401453018188477,626200,0.0,0,12.318146
2019-12-20,12.401452642437931,12.556794693797665,12.133920024018853,12.237481117248535,569800,0.0,0,12.274245
2019-12-23,12.427343152123182,12.461863517761229,12.151180227018804,12.46186351776123,556900,0.0,0,12.110262
2019-12-26,12.453233387733588,13.178161850982251,12.401452430488517,13.048709869384766,1654900,0.0,0,12.291363
2019-12-27,13.212682957987935,13.212682957987935,12.48775445396356,12.617205619812012,1254400,0.0,0,12.789359
2019-12-30,12.71213633704683,12.945149421691893,12.565425400788987,12.945149421691896,1196700,0.0,0,12.509333
2020-01-02,12.953779451993798,13.523365883130245,12.927888561101836,13.385284423828123,1205700,0.0,0,12.715371
2020-01-03,13.204052794384554,13.52336638666783,13.03145096383014,13.376654624938965,1063200,0.0,0,13.110025
2020-01-06,13.385284087979914,13.540625314281945,13.11775065002189,13.204051971435549,1157600,0.0,0,13.170781
2020-01-07,13.428435739545822,13.428435739545822,13.11775161795617,13.281723976135254,900700,0.0,0,13.025159
2020-01-08,13.368024370799516,13.557886796537383,13.160902173465724,13.359394073486328,1051400,0.0,0,13.060878
2020-01-09,13.454325654446064,13.618297187715145,13.281723823891651,13.376654624938965,947600,0.0,0,13.136569
2020-01-10,13.376654305649788,13.79952898617206,13.333503643283542,13.661447525024414,848600,0.0,0,13.161304
2020-01-13,13.790898348350392,13.946240399818551,13.54925579731246,13.868569374084473,777700,0.0,0,13.37831
2020-01-14,13.972131539557212,14.343226081112489,13.765008526229604,14.205142974853516,1318500,0.0,0,13.581365
2020-01-15,14.300074332847243,14.645277976989746,13.972131282427071,14.645277976989746,1378600,0.0,0,13.856765
2020-01-16,14.688429921077372,15.025003278894232,14.464047133845842,14.82651138305664,1148700,0.0,0,14.219936
2020-01-17,14.826510711053803,14.930070979814015,14.300074132330224,14.464046478271484,1295700,0.0,0,14.4389305
2020-01-20,14.533086916594634,15.180344344663656,14.44678559697328,14.921442031860352,914500,0.0,0,14.240644
2020-01-21,14.999110872969757,15.93979176650661,14.912811202492446,15.378835678100586,1829600,0.0,0,14.46415
2020-01-22,15.39609747303578,15.698151281478484,14.981853096574213,15.0336332321167,1389600,0.0,0,14.840489
2020-01-23,14.878291228758806,15.870752334594728,14.861030634833805,15.870752334594728,1383600,0.0,0,14.751438
2020-01-24,15.87938319683456,15.92253468318318,15.29253615098048,15.335687637329102,1080200,0.0,0,15.160501
2020-01-27,15.102673773678031,15.309795959332606,14.722948943614243,14.75747013092041,1148800,0.0,0,15.057586
2020-01-28,14.76610142537095,15.163085229847942,14.558979225722831,14.74021053314209,1285800,0.0,0,14.571537
2020-01-29,14.68843060205903,15.163085443861,14.679800304527602,14.999113082885742,774000,0.0,0,14.422788
2020-01-30,14.938701903352523,14.938701903352523,13.86856975358523,14.49856662750244,1724400,0.0,0,14.577543
2020-01-31,14.48993770151332,14.48993770151332,14.04117213707634,14.084321975708008,719800,0.0,0,14.302213
2020-02-03,14.067062088635303,14.835142094145874,14.0066516530913,14.679800033569336,1350300,0.0,0,13.896126
2020-02-04,14.88692123890184,15.042263289112284,14.533087300560632,14.602128028869627,945700,0.0,0,14.218875
2020-02-05,14.886920802733478,14.886920802733478,14.351853939469947,14.671168327331545,1210400,0.0,0,14.299475
2020-02-06,14.671168825278668,14.774730741253276,14.256924453501863,14.662538528442385,1286100,0.0,0,14.334101
2020-02-07,14.62801963199167,14.671169472014418,13.825420097505846,13.920350074768066,1144400,0.0,0,14.343033
2020-02-10,13.920350140115737,14.08432249588152,13.221312522888184,13.221312522888184,1397400,0.0,0,13.800449
2020-02-11,13.290352377351006,13.713227861699297,13.290352377351006,13.45432472229004,1619500,0.0,0,13.096895
2020-02-12,13.549256242240869,13.87720012664795,13.531996470972304,13.87720012664795,1264200,0.0,0,13.189271
2020-02-13,13.592406604302182,13.851308928816938,13.480215212931594,13.773638725280762,650400,0.0,0,13.548764
2020-02-14,13.678708618318016,13.81679008450424,13.480215893402471,13.652817726135254,737900,0.0,0,13.551434
2020-02-17,13.721857644366809,13.946240425109862,13.566516415647346,13.946240425109863,606500,0.0,0,13.437209
2020-02-18,14.006651205491234,14.015281502587577,13.644187780779708,13.911721229553224,648700,0.0,0,13.632581
2020-02-19,14.015280356117064,14.351853685037812,13.773637818399283,14.239663124084473,849100,0.0,0,13.665078
2020-02-20,14.282814138128533,14.576237655361918,14.006651215099664,14.49856662750244,1290800,0.0,0,13.889194
2020-02-21,14.239664324500602,14.800620468677844,14.153362999382365,14.74884033203125,925700,0.0,0,14.133281
2020-02-26,14.058433120231149,14.058433120231149,13.419805120615662,14.03254222869873,1225700,0.0,0,14.356377
2020-02-27,13.808158696453347,13.808158696453347,12.971038845032352,13.048709869384766,1828400,0.0,0,13.904919
2020-02-28,12.77254710272704,13.005559355379114,12.392822273399393,12.953779220581056,1305300,0.0,0,12.957096
2020-03-02,12.867477806649283,13.765008092699732,12.867477806649283,13.592406272888184,994900,0.0,0,12.760602
2020-03-03,13.549256368798606,14.222403915168911,13.411174905238587,13.704598426818848,1097100,0.0,0,13.255257
2020-03-04,13.989390828563083,14.118843640957806,13.695968130004363,13.998021125793455,924700,0.0,0,13.453318
2020-03-05,13.808159228598964,14.429525801304012,12.988299939006987,13.212682723999023,1507700,0.0,0,13.680363
2020-03-06,12.88473838699951,12.88473838699951,12.237480946093797,12.643095016479492,1300500,0.0,0,13.117709
2020-03-09,11.780084991976857,12.021728360377995,11.31405967153235,11.339950561523438,1064900,0.0,0,12.509332
2020-03-10,11.969947700434115,12.513644058281727,11.667894716983492,12.315152168273926,2216600,0.0,0,11.207613
2020-03-11,11.857756916553909,12.32378227239571,11.055158195567198,12.133920669555664,1692200,0.0,0,12.07693
2020-03-12,10.78762386156165,11.650633770486582,9.372287314633825,9.92461395263672,1863400,0.0,0,12.044181
2020-03-13,10.960225446356295,11.288169303558185,9.985024171184188,10.44242000579834,2649700,0.0,0,9.585882
2020-03-16,9.631190880582585,9.84694336741653,8.958043352109183,9.467219352722168,1251800,0.0,0,10.460889
2020-03-17,9.708860820634513,9.872832330138548,9.07886402466123,9.329136848449709,1708600,0.0,0,9.31621
2020-03-18,8.897633283140344,8.897633283140344,6.938600227495448,7.76708984375,2608300,0.0,0,9.33178
2020-03-19,7.551337348090278,7.775720141103697,6.817778945150267,7.76708984375,3428700,0.0,0,7.929308
2020-03-20,8.112293391425029,8.457497873355516,6.852299213409424,6.852299213409424,1835200,0.0,0,8.07216
2020-03-23,6.731477708578434,7.128462314605712,6.369013467291335,7.128462314605713,1657500,0.0,0,7.2018657
2020-03-24,7.490926179037908,8.172703965630273,7.37010449701039,7.741199016571045,1515600,0.0,0,7.304371
2020-03-25,7.723939072118281,8.362566252822933,7.352845344427979,7.637638568878174,1850700,0.0,0,7.4061975
2020-03-26,7.680788203063625,8.181333906740289,7.542706743157018,8.05188274383545,2226800,0.0,0,7.5125575
2020-03-27,7.749829248327794,8.112293506845132,7.344215149106856,7.853391170501709,2769300,0.0,0,7.979962
2020-03-30,7.974211716880378,8.189964203742058,7.749828933016929,8.05188274383545,1340400,0.0,0,7.8064494
2020-03-31,8.01736213582064,8.120923227611247,7.223392942395592,7.232023239135742,2094200,0.0,0,8.078715
2020-04-01,6.912709369171909,7.085311181385927,6.662436124188811,6.7314772605896,926200,0.0,0,7.441747
2020-04-02,6.817779035865947,7.076681787193373,6.153261356852704,6.196411609649658,3012500,0.0,0,7.1733994
2020-04-03,6.19641089089881,6.394903182983398,5.911617691715528,6.394903182983398,2638800,0.0,0,6.633523
2020-04-06,6.662436308824989,6.955860220750842,6.489834491827654,6.619286060333252,1395100,0.0,0,6.5084662
2020-04-07,6.740107162684828,7.2406532424163075,6.740107162684828,7.119831562042236,1373000,0.0,0,6.4379745
2020-04-08,6.912709687452083,7.680787992926493,6.912709687452083,7.6117472648620605,1935700,0.0,0,6.667315
2020-04-09,7.723938052758347,7.939690516930538,7.482295523333988,7.879280090332031,976400,0.0,0,7.2322283
2020-04-13,7.87065083295995,7.87065083295995,7.370105115863823,7.637638568878174,785900,0.0,0,7.6307898
2020-04-14,7.853390465552383,7.870650235678432,7.611747099544655,7.71530818939209,828400,0.0,0,7.619077
2020-04-15,7.585857651334569,7.63763861199531,7.40462552356765,7.534076690673828,1247500,0.0,0,7.703631
2020-04-16,7.585856855116419,7.680787646161568,7.223392637627141,7.430514812469482,1114100,0.0,0,7.5632105
2020-04-17,7.525446572467979,7.646267431953621,7.214762481149752,7.3355841636657715,1292500,0.0,0,7.514995
2020-04-20,7.145722367642103,7.404625524932635,7.024901497795516,7.240653991699219,1372000,0.0,0,7.4151263
2020-04-22,7.24065400847347,8.112293460360593,7.197503344986673,8.077773094177246,1786400,0.0,0,7.3250985
2020-04-23,8.276265236526996,8.759550329197399,7.792979320826199,8.025992393493652,5171300,0.0,0,7.788734
2020-04-24,7.896540532315981,7.896540532315981,6.740107505649302,6.990380764007568,1901100,0.0,0,7.8549466
2020-04-27,7.1284619367256825,7.292433454791797,6.817778259018207,7.266543388366699,1700000,0.0,0,7.341036
2020-04-28,7.421885974901309,8.095033512317617,7.275174216062695,7.887911319732666,1545200,0.0,0,7.463691
2020-04-29,8.086402918960278,8.164073944091797,7.784349938263751,8.164073944091797,1738600,0.0,0,7.5593066
2020-04-30,8.043251904695005,8.043251904695005,7.447775443227007,7.594487190246582,2134600,0.0,0,7.9658833
2020-05-04,7.370104984436552,7.482296377375438,7.11120183327223,7.344214916229248,1019100,0.0,0,7.641425
2020-05-05,7.465035893893877,7.663528614507209,7.370105093706031,7.473666191101074,792400,0.0,0,7.553623
2020-05-06,7.594487642402497,7.594487642402497,7.206133333712173,7.51681661605835,1037200,0.0,0,7.5006557
2020-05-07,7.767088963861058,7.801609326334781,7.076680891356225,7.430514812469482,2187000,0.0,0,7.474168
2020-05-08,7.559966935611074,7.559966935611074,7.180242118006658,7.3355841636657715,1077900,0.0,0,7.4606333
2020-05-11,7.326953737228905,7.326953737228905,7.085311199511125,7.119831562042236,787100,0.0,0,7.4108987
2020-05-12,7.249283331077434,7.3787353188294365,6.947230339050294,6.947230339050293,994800,0.0,0,7.2530723
2020-05-13,7.111202113988496,7.111202113988496,6.567506133505247,6.904079914093018,1879400,0.0,0,7.0896645
2020-05-14,6.619286230642527,6.990380764007568,6.567505684211052,6.990380764007568,1304100,0.0,0,6.948241
2020-05-15,6.947230447193746,6.955860744450976,6.567506009695327,6.8436689376831055,1146300,0.0,0,6.9200125
2020-05-18,6.990380584858388,7.516816332511179,6.835038538029861,7.490926265716553,1442100,0.0,0,6.8196907
2020-05-19,7.378735301193826,7.585857493465477,7.249283313751221,7.249283313751221,1543600,0.0,0,7.2504606
2020-05-20,7.2320235212774415,7.516816740569798,7.197503156000502,7.257913589477539,870000,0.0,0,7.168183
2020-05-21,7.21476238471177,7.89654016494751,7.21476238471177,7.89654016494751,2353700,0.0,0,7.343374
2020-05-22,7.680788256145397,7.836130311129107,7.48229636191548,7.646267890930176,1002300,0.0,0,7.6359186
2020-05-25,7.810240541546836,8.448867733957222,7.61174781669847,8.388457298278809,1263300,0.0,0,7.5574636
2020-05-26,8.54379853617051,8.776811627553748,8.164074504286903,8.388457298278809,1140700,0.0,0,8.313543
2020-05-27,8.457497475244509,8.681880254482621,8.2072246285652,8.630099296569824,1267300,0.0,0,8.302042
2020-05-28,8.630099463943358,8.681880422860404,8.250375449663235,8.440237045288086,1709100,0.0,0,8.612758
2020-05-29,8.457497300593463,8.535168324343514,8.069143004873588,8.259004592895508,1531000,0.0,0,8.458797
2020-06-01,8.371195918409022,8.58694839477539,8.371195918409022,8.58694839477539,1625600,0.0,0,8.352213
2020-06-02,8.794070892103997,9.251466751098633,8.785441418240833,9.251466751098633,2644400,0.0,0,8.589098
2020-06-03,9.4931092526479,10.045435905456545,9.406807930229848,10.045435905456545,2710600,0.0,0,9.126187
2020-06-04,10.04543578554036,10.226667902030508,9.769272050917506,10.218037605285645,1311800,0.0,0,10.014923
2020-06-05,10.425159570647107,10.580501616679753,10.140366368274178,10.252557754516602,2376600,0.0,0,10.193983
2020-06-08,10.312968467763955,10.744473431461447,10.252558036216035,10.666802406311035,994100,0.0,0,10.232721
2020-06-09,10.485570078026788,10.908445559459684,10.157627036470416,10.701322555541992,1187800,0.0,0,10.647634
2020-06-10,10.873925572623389,10.873925572623389,10.11447672670086,10.183517456054688,1346800,0.0,0,10.669264
2020-06-12,9.674341684095792,10.166257097904422,9.544890519313658,10.054065704345703,1821500,0.0,0,10.121495
2020-06-15,9.82968346384882,10.209407473420924,9.527629657143656,10.028175354003906,1057800,0.0,0,10.03393
2020-06-16,10.356119632115714,10.60639249030396,10.036806042222466,10.269818305969238,1281800,0.0,0,10.011579
2020-06-17,10.321599127087692,11.106938056915489,10.226668328030962,11.003376960754396,2702300,0.0,0,10.263213
2020-06-18,11.020637109748504,11.771455643857504,10.839404993030444,11.555703163146973,2882100,0.0,0,10.962505
2020-06-19,11.667895643897625,12.29789255148023,11.529813351974,12.220221519470217,3610800,0.0,0,11.473661
2020-06-22,12.418713474214568,12.9451492473144,12.07350900046793,12.10802936553955,3051300,0.0,0,12.058466
2020-06-23,12.263372575856092,12.574055890786545,12.22022190969146,12.539535522460938,2272700,0.0,0,12.007419
2020-06-24,12.401453191864569,12.59994591328817,12.202961293471407,12.384193420410156,1825100,0.0,0,12.345649
2020-06-25,12.59994549134731,13.28172331308957,12.35830211483405,12.919259071350098,1637100,0.0,0,12.262848
2020-06-26,12.910628465105084,12.996929786510986,12.42734254668675,12.81569766998291,992400,0.0,0,12.673334
2020-06-29,12.988299464849902,13.195421648190282,12.599945165329087,13.126380920410156,987000,0.0,0,12.664995
2020-06-30,13.178161630317598,13.566515922546388,12.893367604784084,13.566515922546388,1657100,0.0,0,12.888395
2020-07-01,13.868569913970555,14.136102542991088,13.437064930232523,13.549256324768066,2484000,0.0,0,13.27082
2020-07-02,13.816788812273684,14.101582015817032,13.704597425570189,13.937609672546388,1589700,0.0,0,13.330803
2020-07-03,13.903090594629878,14.27418513045106,13.601036787840952,14.11884307861328,1516400,0.0,0,13.607312
2020-07-06,14.351855127059292,14.472677642603529,14.084322496320077,14.325965881347656,1206400,0.0,0,13.811742
2020-07-07,14.29144469231762,14.412267207861856,13.998021169805876,14.325965881347656,542300,0.0,0,13.991803
2020-07-08,14.446786079099834,14.981852961760191,14.446786079099834,14.912812232971191,1355500,0.0,0,14.035954
2020-07-09,14.930071023935083,15.387466876149947,14.740209433273096,15.22349452972412,1016900,0.0,0,14.418718
2020-07-10,15.22349544029943,15.439247934163362,15.04226413556296,15.068153381347656,1576200,0.0,0,14.745856
2020-07-13,15.111305241092769,15.534179941986189,14.91281333688868,14.938702583312988,1203100,0.0,0,14.7375765
2020-07-14,14.91281247548445,15.111304368223111,14.55034823193258,15.076783180236816,849900,0.0,0,14.62406
2020-07-15,15.275276700487124,15.439247405040376,14.54171791727759,15.171714782714844,1707400,0.0,0,14.678793
2020-07-16,15.07678337213924,15.2234951308267,14.576237662392764,14.843771934509276,1212900,0.0,0,14.76787
2020-07-17,14.921442276001232,15.352947235107422,14.705689796448135,15.352947235107422,1852700,0.0,0,14.582481
2020-07-20,15.35294838125507,15.879383351343373,15.059524855472974,15.5341796875,1238500,0.0,0,14.822978
2020-07-21,15.637741717512572,15.698152153344106,15.119935395146555,15.577329635620115,1485900,0.0,0,15.045935
2020-07-22,15.706782846735358,16.164177098740122,15.318427683654932,15.52554988861084,1821800,0.0,0,15.130804
2020-07-23,15.568699979497092,15.611849817717411,14.61938872410274,14.912812232971191,1824700,0.0,0,15.116851
2020-07-24,14.628019394893164,14.82651128947796,14.058432956308453,14.515827178955078,941900,0.0,0,14.716878
2020-07-27,14.61075838202235,14.697059704256676,13.963500934356109,13.980761528015137,2739100,0.0,0,14.303024
2020-07-28,13.549255934402256,13.61829666396878,12.7035065856971,12.919259071350098,5096000,0.0,0,13.8198395
2020-07-29,13.290352418815443,13.765008038708224,13.204051920763373,13.437064170837402,3813100,0.0,0,12.836596
2020-07-30,13.307613205755525,13.88582992553711,13.238572477097758,13.88582992553711,1758800,0.0,0,13.124226
2020-07-31,13.937610583346212,14.02391190892098,13.56651685864777,13.95487117767334,1376900,0.0,0,13.553718
2020-08-03,13.82542020741089,13.88583064234732,13.298983595431867,13.376654624938965,1722400,0.0,0,13.685994
2020-08-04,13.212682458290656,13.437064415739924,12.824327329371831,13.0918607711792,744200,0.0,0,13.246447
2020-08-05,13.16090208862043,13.471585382618214,13.022820624621414,13.393915176391602,832900,0.0,0,12.92205
2020-08-06,13.41117408854283,13.670077228466749,13.281722930096068,13.53199577331543,729400,0.0,0,13.129249
2020-08-07,13.445695357160732,13.618297187715145,13.160902130988337,13.376654624938965,831300,0.0,0,13.2885685
2020-08-10,13.385283654893056,13.419804017735515,12.996929367157763,13.27309226989746,552500,0.0,0,13.187328
2020-08-11,13.342133930666748,13.462955620598349,13.100491373833975,13.195422172546388,685200,0.0,0,13.078217
2020-08-12,13.247201981725688,13.281722343990175,12.61720434161082,12.824326515197754,717900,0.0,0,13.002889
2020-08-13,12.824327020402736,13.031450025179485,12.599945068359377,12.599945068359377,732800,0.0,0,12.6854105
2020-08-14,12.548164156677364,13.065970435941733,12.46186283578984,12.971038818359377,527300,0.0,0,12.450552
2020-08-17,12.988300029735967,13.255832655761866,12.194330802702869,12.323781967163086,1280100,0.0,0,12.737913
2020-08-18,12.323781846919154,12.686246091507694,12.280631184843294,12.668986320495604,1513700,0.0,0,12.233693
2020-08-19,12.64309523176343,12.807067580481988,12.410082977045496,12.608574867248535,822300,0.0,0,12.458124
2020-08-20,12.435973182274736,13.057340573448508,12.237481289875438,12.90199851989746,612200,0.0,0,12.463172
2020-08-21,12.901998427902162,12.979669454123869,12.634465807616747,12.763916969299316,442000,0.0,0,12.687929
2020-08-24,12.858848443759188,12.945149771447689,12.496384184316216,12.738027572631836,616000,0.0,0,12.61425
2020-08-25,12.7380260731887,12.83295686404701,12.496382713317873,12.496382713317873,532600,0.0,0,12.568799
2020-08-26,12.427342870447925,12.78117763900602,12.082139221891754,12.435973167419434,769000,0.0,0,12.362469
2020-08-27,12.530904902460348,12.78980722972621,12.332412185455372,12.651725769042969,895400,0.0,0,12.286698
2020-08-28,12.65172523703046,13.506104856353652,12.65172523703046,13.45432472229004,1740200,0.0,0,12.468097
2020-08-31,13.575146274428096,13.704598262233796,12.867478370666504,12.867478370666504,1898600,0.0,0,13.112055
2020-09-01,13.02281994738391,13.350763818842433,12.867477896948188,13.342133522033691,1014400,0.0,0,12.77006
2020-09-02,13.281723695747534,13.687337787879365,13.074600678050144,13.549256324768066,1457700,0.0,0,13.051897
2020-09-03,13.713228538358123,13.790898743286071,12.54816476504333,12.962409973144531,1905200,0.0,0,13.29544
2020-09-04,12.945149016483288,13.204052161419035,12.418713252770582,13.0918607711792,1054800,0.0,0,12.847764
2020-09-08,13.083230953626462,13.540626005184206,12.910629125022638,13.471585273742676,1084100,0.0,0,12.871015
2020-09-09,13.549256132084343,13.695967890311325,13.4111746709367,13.661447525024414,1064000,0.0,0,13.193399
2020-09-10,13.652817509384851,14.006651466627249,13.091861356151362,13.221312522888184,1573500,0.0,0,13.398411
2020-09-11,13.247202822746727,13.3766539836994,12.738026829746854,13.0918607711792,1061200,0.0,0,13.08004
2020-09-14,13.23857242942001,13.419804547251552,12.98829958317935,13.342133522033691,1319200,0.0,0,12.905824
2020-09-15,13.393914383523416,13.583775973767764,12.703506281367398,12.81569766998291,1614600,0.0,0,13.092267
2020-09-16,12.824327159501332,12.971038912253906,12.703506297020674,12.720766067504885,722600,0.0,0,12.700233
2020-09-17,12.651725985573629,12.772547677254504,12.297892030759456,12.617205619812012,603000,0.0,0,12.549989
2020-09-18,12.720767029440934,12.720767029440934,11.995838507616758,12.254741668701172,888200,0.0,0,12.463792
2020-09-21,12.03898944096596,12.05625003617195,11.6592653997695,11.909538269042969,731800,0.0,0,12.137126
2020-09-22,11.866386507407396,12.082138989360258,11.719674753837015,12.004467964172363,545200,0.0,0,11.797658
2020-09-23,12.004468238374978,12.038988603354724,11.659264588577518,11.73693561553955,484500,0.0,0,11.874167
2020-09-24,11.736935941005282,12.01309886850126,11.47803278496258,11.918168067932127,580800,0.0,0,11.644886
2020-09-25,11.814605002014064,11.92679638619328,11.64200318905772,11.857755661010742,397000,0.0,0,11.793534
2020-09-28,11.900907068754488,11.944057730465994,11.400361368174012,11.50392246246338,570800,0.0,0,11.757054
2020-09-29,11.486662424555735,11.538442558981428,11.22775928333608,11.383100509643556,598000,0.0,0,11.4177475
2020-09-30,11.47803272039903,11.73693587498541,11.322690663041117,11.685154914855955,716900,0.0,0,11.297796
2020-10-01,11.69378507453622,12.487754300314872,11.581593681433755,12.418713569641112,961900,0.0,0,11.580742
2020-10-02,12.341042303177488,12.539534194267745,12.194330547575811,12.37556266784668,1178800,0.0,0,12.221717
2020-10-05,12.55679525010648,12.694876713863536,12.090769898411189,12.384193420410156,1449400,0.0,0,12.255109
2020-10-06,12.634465757907517,12.772547215967093,12.401452680159167,12.608574867248535,1608200,0.0,0,12.238752
2020-10-07,12.807067537554506,12.807067537554506,12.42734270613304,12.625835418701172,1486600,0.0,0,12.429553
2020-10-08,12.686246015709914,13.065970852072187,12.60857498904352,12.996930122375488,1517700,0.0,0,12.469317
2020-10-09,13.229942527489632,13.333503623194332,12.686246157767128,12.72939682006836,8578400,0.0,0,12.766195
2020-10-13,12.729396434067084,12.775054416047134,12.236292144560409,12.327608108520508,3205300,0.81,0,12.59603
2020-10-14,12.309344057581148,12.555896627550007,11.989739938664725,12.510238647460938,2504800,0.0,0,12.20461
2020-10-15,12.345870995579329,12.738527529756546,12.199765286813022,12.537632942199709,1963100,0.0,0,12.333173
2020-10-16,12.5650282524485,12.656343340717225,12.309343915247608,12.537632942199709,1167600,0.0,0,12.385645
2020-10-19,12.565028467521715,12.647212657967769,12.017134445117064,12.144976615905762,1471000,0.0,0,12.383922
2020-10-20,12.144976372283637,12.464580486563968,12.108450162912924,12.418923377990724,2242400,0.0,0,12.036135
2020-10-21,12.45544999861372,12.893764525534449,12.409792017679424,12.74765968322754,11980500,0.0,0,12.242788
2020-10-22,12.747660361755626,12.893765211839352,12.565029299150966,12.72939682006836,1356800,0.0,0,12.551898
2020-10-23,12.738527854606396,12.738527854606396,12.181502928145642,12.336739540100098,1200800,0.0,0,12.571249
2020-10-26,12.327607814063557,12.327607814063557,11.834503536335156,12.117582321166992,963300,0.0,0,12.220061
2020-10-27,12.10845064426094,12.10845064426094,11.843635398082691,11.944082260131836,553600,0.0,0,11.991284
2020-10-28,11.734056734593594,11.734056734593594,10.994399878821588,11.021794319152832,2316100,0.0,0,11.830344
2020-10-29,11.01266384124756,11.049190053372191,10.464769788524432,11.01266384124756,1792200,0.0,0,10.920029
2020-10-30,10.967005599845455,11.021794481314036,10.245612274249616,10.29127025604248,1942800,0.0,0,10.943905
2020-11-03,10.58347981209199,10.620006022892897,10.07211199002574,10.245612144470217,2313400,0.0,0,10.208569
2020-11-04,10.282138769756072,10.674795333980873,10.227349015919296,10.501296043395996,1543100,0.0,0,10.227037
2020-11-05,10.610874245444036,10.948741912841797,10.556085364705782,10.948741912841797,1134100,0.0,0,10.48613
2020-11-06,10.90308395285215,11.31400491345564,10.6474004769183,11.240952491760254,1596800,0.0,0,10.911714
2020-11-09,11.53316172066867,11.642740348861413,11.158767856630082,11.396187782287598,1647300,0.0,0,11.184361
2020-11-10,11.469241481081896,11.688398745285443,11.286609556725384,11.46010971069336,2522300,0.0,0,11.326047
2020-11-11,11.460109594092552,11.478372263830256,11.21355702123194,11.34139919281006,1096400,0.0,0,11.382899
2020-11-12,11.341399266931605,11.441846128279316,10.830031448130642,10.976137161254885,1524400,0.0,0,11.268618
2020-11-13,11.021793858646522,11.423583030700684,10.967004980273192,11.423583030700684,1511100,0.0,0,10.908223
2020-11-16,11.542294080487778,11.642740943750102,11.049189792998389,11.551424980163574,1144300,0.0,0,11.336882
2020-11-17,11.478372130765392,11.478372130765392,11.213556891236989,11.295741081237791,2119200,0.0,0,11.474025
2020-11-18,11.231821142191643,11.441846644722151,11.094847193240213,11.131373405456545,1047200,0.0,0,11.224772
2020-11-19,11.0948467475368,11.414451744730682,10.994399885690452,11.387057304382324,937600,0.0,0,11.0616455
2020-11-23,11.39618866173834,11.39618866173834,11.07658452255884,11.131373405456545,754800,0.0,0,11.308187
2020-11-24,11.204426093803187,11.551424655634753,11.021794171761046,11.487504005432127,2228000,0.0,0,11.070327
2020-11-25,11.487503902737654,11.788845352218337,11.43271502329764,11.73405647277832,1040200,0.0,0,11.397435
2020-11-26,11.734056340794869,11.761450780206744,11.505767313704334,11.688398361206056,422200,0.0,0,11.637909
2020-11-27,11.679267156716346,12.05366103993925,11.642740945447123,11.916687965393066,991100,0.0,0,11.599745
2020-11-30,11.907555167824691,12.035397331667244,11.432714462280272,11.432714462280272,1035900,0.0,0,11.795997
2020-12-01,11.624477679772076,11.743188086922713,11.368794194830336,11.56968879699707,1320300,0.0,0,11.356071
2020-12-02,11.587950749019486,11.89842396833606,11.551424539150096,11.807108879089355,975000,0.0,0,11.46925
2020-12-03,11.962346026824225,12.400660564972654,11.752319657487918,12.181503295898438,2776900,0.0,0,11.699911
2020-12-04,12.26368754091887,12.29108198195458,11.82537213007963,11.962346076965332,921500,0.0,0,12.036267
2020-12-07,11.953213559582004,12.108450167175551,11.569687925627772,11.90755558013916,1086400,0.0,0,11.8661995
2020-12-08,11.861898341745102,12.008003188406988,11.73405703634274,11.962346076965332,772000,0.0,0,11.792559
2020-12-09,12.0536604562095,12.181502624887468,11.46924110420399,11.688398361206056,1265300,0.0,0,11.844347
2020-12-10,11.68839871489144,11.752319365737868,11.240952417259328,11.60621452331543,1153700,0.0,0,11.597525
2020-12-11,11.533161479706784,11.679266314244543,11.414451083931477,11.67013454437256,753400,0.0,0,11.509434
2020-12-14,11.670135258609452,11.944082275560644,11.578820166861428,11.8710298538208,867200,0.0,0,11.572441
2020-12-15,11.871029604703436,12.144976615905762,11.770582744632453,12.144976615905762,836600,0.0,0,11.75792
2020-12-16,12.190634596248406,12.190634596248406,11.724924764289806,12.144976615905762,1418900,0.0,0,12.008304
2020-12-17,12.144977479782174,12.17237192159492,11.898424890906648,11.953214645385742,929800,0.0,0,12.025329
2020-12-18,11.944082616759626,12.090187464412995,11.788845998414525,11.861898422241213,1581200,0.0,0,11.845779
2020-12-21,11.569688182004793,11.816239883093928,11.314004710654029,11.560556411743164,1314400,0.0,0,11.751528
2020-12-22,11.597082369401056,11.606214139463832,11.341398903617987,11.396187782287598,1084600,0.0,0,11.471387
2020-12-23,11.432715380515477,11.460109821091429,11.14963659171876,11.213557243347168,1337400,0.0,0,11.310805
2020-12-28,11.286609925118508,11.3413996783845,11.140505077547305,11.3048734664917,712800,0.0,0,11.141005
2020-12-29,11.359661934094955,11.679266929626465,11.186162651653044,11.679266929626465,954300,0.0,0,11.231246
2020-12-30,11.697531156475035,11.953214645385744,11.533162763891353,11.953214645385742,2045000,0.0,0,11.578299
2021-01-04,12.519370836541285,12.601555029280748,11.889293476961353,12.135845184326172,3701600,0.0,0,11.83788
2021-01-05,12.15410859467172,12.263687226861972,11.70666142466125,12.090187072753906,1720200,0.0,0,12.007012
2021-01-06,12.1084498446073,12.163238721796318,11.560555847596106,11.77058219909668,1811100,0.0,0,11.973999
2021-01-07,11.761451300069384,11.816240181314836,11.396188318067589,11.505767822265623,1223600,0.0,0,11.673592
2021-01-08,11.560556721274436,12.14497697086316,11.441846317255465,12.062792778015137,2105800,0.0,0,11.412992
2021-01-11,12.327608237634523,12.829844302968128,12.26368758470512,12.373266220092772,4341800,0.0,0,11.907138
2021-01-12,12.47371346234466,13.131186165423092,12.355003052701775,13.067265510559082,2422500,0.0,0,12.22207
2021-01-13,13.469053318214758,13.688210586930005,13.103791203689347,13.249896049499512,3751200,0.0,0,12.793323
2021-01-14,13.41426340209872,13.715605731476002,13.350342750549316,13.350342750549316,2657600,0.0,0,13.0321865
2021-01-15,13.350343255083036,13.396001238281064,12.884633393999607,13.240764617919922,1508900,0.0,0,13.126621
2021-01-18,13.350343047186476,13.45992168264319,12.829844311053694,12.930291175842283,1168200,0.0,0,13.053194
2021-01-19,13.058133668980204,13.112922552609078,12.702002441978102,12.802450180053713,1079000,0.0,0,12.779921
2021-01-20,12.829844576628725,12.957685885214383,12.464581580025232,12.656344413757324,1004300,0.0,0,12.635152
2021-01-21,12.647212672525754,12.711133322566909,11.971476478554576,12.071924209594728,1948000,0.0,0,12.503469
2021-01-22,12.20889703326147,12.89376411279198,12.126712844381244,12.345870971679688,5035300,0.0,0,11.967905
2021-01-26,12.345872156513092,12.665476301787628,12.099319566210765,12.218029975891112,1567900,0.0,0,12.171606
2021-01-27,12.181503150044328,12.428054857087362,11.934950572147727,12.208897590637209,923300,0.0,0,12.100547
2021-01-28,12.218029304398788,12.921159082042246,12.144976882587873,12.86637020111084,1160000,0.0,0,12.074425
2021-01-29,12.720265112182576,12.875501723250473,12.464580769921604,12.702001571655272,1515100,0.0,0,12.615176
2021-02-01,12.893764350740591,13.0307382916866,12.665475320017451,12.92115879058838,1409500,0.0,0,12.567788
2021-02-02,13.039868621301192,13.167710786427474,12.912027327028412,13.131184577941896,1487000,0.0,0,12.711621
2021-02-03,13.149448865982125,13.56950075071827,13.07639644001528,13.478185653686523,1946800,0.0,0,12.912057
2021-02-04,13.596895691363498,13.724736997878846,13.268158912658691,13.268158912658691,1342700,0.0,0,13.2056265
2021-02-05,13.441659240327606,13.45079014029714,13.067265345115247,13.167712211608888,931200,0.0,0,13.09678
2021-02-08,13.20423789107286,13.633421523046866,13.067264817669072,13.423395156860352,1221500,0.0,0,12.977935
2021-02-09,13.423395918467172,13.514711886486426,13.240764853282275,13.405133247375488,1063000,0.0,0,13.165813
2021-02-10,13.724736202984571,13.724736202984571,12.921158715035393,13.0216064453125,1654500,0.0,0,13.195587
2021-02-11,13.021606610035349,13.341210732709802,12.94855418937527,13.18597412109375,792100,0.0,0,12.877426
2021-02-12,13.185974297407116,13.195106067825115,12.957685262078469,13.01247501373291,851200,0.0,0,12.957071
2021-02-17,13.176843889843822,13.176843889843822,12.884633321532084,12.97594928741455,932400,0.0,0,12.848446
2021-02-18,12.975949062137602,13.003343503085306,12.610686946656276,12.73852825164795,1149200,0.0,0,12.791265
2021-02-19,12.7750544621184,13.176843659967544,12.647213157137507,13.10379123687744,760400,0.0,0,12.591718
2021-02-22,12.71113426546046,12.72026603638759,12.208898185565191,12.291082382202148,1546700,0.0,0,12.858301
2021-02-23,12.318476099591637,12.546765134220928,12.154108586838968,12.528502464294434,1025600,0.0,0,12.210036
2021-02-24,12.5467654567556,12.702002073962406,12.3823979397776,12.59242343902588,851200,0.0,0,12.335798
2021-02-25,12.59242310774905,12.78418593155654,12.099318828080298,12.16323947906494,794600,0.0,0,12.434613
2021-02-26,12.208897907350485,12.3276083141372,11.651872956293058,11.71579360961914,1004100,0.0,0,12.057239
2021-03-01,11.916687898637663,11.916687898637663,11.478372495008818,11.57882022857666,695200,0.0,0,11.61043
2021-03-02,11.41445148291528,11.834503332320702,11.012663173892218,11.73405647277832,1754400,0.0,0,11.479288
2021-03-03,11.724925320678205,11.724925320678205,11.049189966272408,11.377925872802734,1349600,0.0,0,11.62842
2021-03-04,11.41445225041649,11.670135736986811,11.158768763846169,11.27747917175293,1325100,0.0,0,11.302719
2021-03-05,11.2500839306158,11.578820714856912,11.076584638485793,11.5422945022583,1209900,0.0,0,11.198871
2021-03-08,11.46924225322563,11.46924225322563,10.546954282377566,10.592612266540527,1630200,0.0,0,11.45152
2021-03-09,10.638268758277064,10.71132118032805,10.181690685031636,10.218216896057127,1209100,0.0,0,10.497164
2021-03-10,10.300401234884122,10.620006239036996,10.181690829651728,10.556085586547852,1070000,0.0,0,10.167654
2021-03-11,10.711321434666704,11.3048734664917,10.665664322940891,11.3048734664917,1435100,0.0,0,10.5426235
2021-03-12,11.231820226649644,11.350530624389648,10.976136761976914,11.350530624389648,1152700,0.0,0,11.236267
2021-03-15,11.41445117975426,11.980607853767651,11.2135565951516,11.93494987487793,1705900,0.0,0,11.293303
2021-03-16,12.23629212929838,12.345871634255252,11.240952651813338,11.405320167541504,1834500,0.0,0,11.799037
2021-03-17,11.414451419182544,12.099318504333496,11.277478350493766,12.099318504333496,1916100,0.0,0,11.339641
2021-03-18,12.090187200102791,12.090187200102791,11.44184629967451,11.505767822265623,1605300,0.0,0,11.925589
2021-03-19,11.633609223332623,11.734056957881196,11.30487332054152,11.69753074645996,1343100,0.0,0,11.441138
2021-03-22,11.679266325280045,11.770582282379182,11.45097730338571,11.597082138061523,944200,0.0,0,11.583296
2021-03-23,11.450977970850497,11.569688373657469,11.250083376034574,11.314004898071287,1176600,0.0,0,11.513187
2021-03-24,11.332267061662552,11.46010922916981,10.921346990833287,10.985267639160156,525400,0.0,0,11.235821
2021-03-25,10.994399419459857,11.478371909074012,10.830031042632834,11.423583030700684,958100,0.0,0,10.915154
2021-03-26,11.496635523946503,11.496635523946503,11.030925700473745,11.323135375976562,403200,0.0,0,11.337593
2021-03-29,11.158767946218358,11.314004555117778,10.86655739783817,10.884820938110352,808300,0.0,0,11.260346
2021-03-30,10.830031363738817,11.414451599121094,10.79350515345577,11.414451599121094,1263500,0.0,0,10.816393
2021-03-31,11.414451613467971,11.59708266511275,11.1131101605407,11.34139919281006,1555100,0.0,0,11.326802
2021-04-01,11.368793874151024,11.4875042779532,11.103978625931893,11.140504837036133,673100,0.0,0,11.279927
2021-04-05,11.277479344334555,11.405320654149303,11.167899834702476,11.368794441223145,637900,0.0,0,11.073173
2021-04-06,11.33226766633004,11.551424933018978,11.28660968472312,11.505767822265623,740200,0.0,0,11.290713
2021-04-07,11.505767722474312,11.642740795253518,11.195294495264315,11.314004898071287,943900,0.0,0,11.426518
2021-04-08,11.33226681800612,11.533161399525632,11.021793611345103,11.259214401245115,1689600,0.0,0,11.243464
2021-04-09,11.231821389063125,11.898424994376272,11.213557847126737,11.779714584350586,1703200,0.0,0,11.186308
2021-04-12,11.82537150898697,12.144976497413726,11.505767391413748,12.02626609802246,1800000,0.0,0,11.661062
2021-04-13,12.218029292511837,12.418923887723183,11.843635413381753,11.8710298538208,3398100,0.0,0,11.909579
2021-04-14,11.99887181743483,12.208897308550192,11.788845455465925,11.925819396972656,1985700,0.0,0,11.774077
2021-04-15,11.925819946229748,12.117582776488192,11.688399133366229,11.861898422241213,1092800,0.0,0,11.807833
2021-04-16,11.852766663991291,12.154109001159666,11.72492535758719,12.154109001159668,2378000,0.0,0,11.757567
2021-04-19,12.190634624484122,12.199765523890967,11.944082052574906,11.998871803283691,582900,0.0,0,12.008902
2021-04-20,11.998871712347814,12.044528821596646,11.651872282764764,11.73405647277832,792800,0.0,0,11.896021
2021-04-22,11.81624011754183,11.94408229118052,11.661004374281823,11.797977447509766,1439600,0.0,0,11.634858
2021-04-23,11.85276692636433,11.944082893691704,11.706662075323417,11.880162239074709,581100,0.0,0,11.686284
2021-04-26,11.871029951654272,12.190634952540236,11.825371969977196,12.062792778015137,882400,0.0,0,11.770378
2021-04-27,12.126712943900545,12.345871072997534,12.008002544638623,12.099318504333496,815600,0.0,0,11.935046
2021-04-28,12.0993188894712,12.172371311211045,11.688398799471194,11.8710298538208,676700,0.0,0,11.978562
2021-04-29,11.880161153319024,12.008002450869308,11.706661005424316,11.834503173828123,549300,0.0,0,11.769971
2021-04-30,11.797976989707088,11.8436349692959,11.606214172116898,11.688398361206056,801100,0.0,0,11.723564
2021-05-03,11.752319786501182,11.971477057981238,11.670135591982763,11.861898422241213,686400,0.0,0,11.593589
2021-05-04,11.8710302105707,11.916688193243612,11.661004709470324,11.788846015930176,430700,0.0,0,11.745209
2021-05-05,11.83450403443203,11.83450403443203,11.569688779151717,11.642741203308104,652600,0.0,0,11.692562
2021-05-06,11.6610042450818,11.852766197134835,11.39618813029568,11.7523193359375,803100,0.0,0,11.549519
2021-05-07,11.770583248008212,11.962346076965334,11.70666172445345,11.962346076965332,655500,0.0,0,11.64604
2021-05-10,12.144976231208124,12.546764529618777,12.0080022945189,12.446317672729492,3255600,0.0,0,11.842417
2021-05-11,12.41892349241202,12.446317931979069,12.062792294626254,12.099318504333496,2054500,0.0,0,12.265333
2021-05-12,12.17237065669216,12.364133471161388,11.962345173196754,12.008002281188965,1578300,0.0,0,12.004986
2021-05-13,12.08105576985378,12.227161489281466,11.898424709136162,12.126713752746582,1502700,0.0,0,11.884316
2021-05-14,12.23629183745862,12.355002239285971,12.071924325650675,12.190634727478027,1441100,0.0,0,11.992504
2021-05-17,12.336739513206956,13.195105891389646,12.25455532225098,13.18597412109375,4970100,0.0,0,12.0600395
2021-05-18,13.131185980756811,13.286422601117952,12.747660315259118,13.240764617919922,2893200,0.0,0,12.849302
2021-05-19,13.04900122455135,13.268158489461998,13.01247501373291,13.01247501373291,2271000,0.0,0,13.046857
2021-05-20,12.86853124933923,12.93570449844732,12.599837337739986,12.820549964904783,1516000,0.69,0,12.852464
2021-05-21,12.887724249159424,12.906916214011742,12.168007721443152,12.35993194580078,1728300,0.0,0,12.660528
2021-05-24,12.388720340570858,12.388720340570858,11.947294167324454,12.091238021850586,1530400,0.0,0,12.241377
2021-05-25,12.225584567347251,12.225584567347251,11.976082617360516,11.995275497436523,1564200,0.0,0,11.966237
2021-05-26,11.995275461937844,12.398316790672308,11.976082581918636,12.35993194580078,1241500,0.0,0,11.874689
2021-05-27,12.407913240359283,12.66701071465244,12.21598810068508,12.628625869750977,1338600,0.0,0,12.189782
2021-05-28,12.714992138669434,12.762973424112888,12.436701781297684,12.705395698547363,978400,0.0,0,12.452279
2021-05-31,12.628625791402545,13.098840367319966,12.628625791402545,13.089244842529297,1493000,0.0,0,12.538415
2021-06-01,13.194802822767931,13.712998678837236,13.194802822767931,13.5498628616333,2599000,0.0,0,12.848816
2021-06-02,13.559459057903108,13.68421002853352,13.415515207867928,13.617035865783691,1535500,0.0,0,13.253656
2021-06-04,13.617036473450057,13.72259548455318,13.501881937383205,13.607440948486328,939600,0.0,0,13.379453
2021-06-07,13.607440418045304,13.895326289406704,13.55945913442945,13.837749481201172,1433300,0.0,0,13.378621
2021-06-08,13.856941542730684,14.144828331277992,13.69380664155964,14.01048183441162,1860800,0.0,0,13.547086
2021-06-09,14.144828065637006,14.144828065637006,13.626632222050354,13.808960914611816,938700,0.0,0,13.715467
2021-06-10,13.876134465749068,13.9816925586407,13.636228960404283,13.91451930999756,908400,0.0,0,13.599295
2021-06-11,14.010481613886522,14.020077138392464,13.5402661367548,13.712998390197754,866100,0.0,0,13.638791
2021-06-14,13.789768075565394,14.1064432633943,13.684209984678048,14.02967357635498,890000,0.0,0,13.50906
2021-06-15,14.020077014910353,14.058461858096615,13.61703570387116,13.904922485351562,1715700,0.0,0,13.702849
2021-06-16,13.91451892493984,14.048866333675187,13.722594709008522,13.904922485351562,1034700,0.0,0,13.67552
2021-06-17,13.895326332702762,14.135231836362689,13.722594992381088,13.74178695678711,1056600,0.0,0,13.650034
2021-06-18,13.760979747815249,14.384733687250773,13.72259490408332,14.25038719177246,2016400,0.0,0,13.5285
2021-06-21,14.317560903829971,14.528678008785528,14.10644379887442,14.38473415374756,1488200,0.0,0,13.860286
2021-06-22,14.384733880833288,14.384733880833288,13.789768337398243,13.91451930999756,1594700,0.0,0,14.058965
2021-06-23,14.020077277572517,14.269579220541004,13.96250046929786,14.106443405151367,1935600,0.0,0,13.746393
2021-06-24,14.116040434935218,14.538273735542852,14.116040434935218,14.41352367401123,1876500,0.0,0,13.796601
2021-06-25,14.490293154454209,14.79737191406994,13.87613472005585,14.116040229797363,1481400,0.0,0,14.047925
2021-06-28,14.01048206381785,14.20240628760298,13.847346244808769,13.895326614379885,1013200,0.0,0,13.903783
2021-06-29,13.895326289406704,13.972096892292193,13.233187504041874,13.837749481201172,3240000,0.0,0,13.680739
2021-06-30,13.770576676224533,13.770576676224533,13.271572774834176,13.43470859527588,4564100,0.0,0,13.597716
2021-07-01,13.357939060251704,13.492286477225107,13.060455820941636,13.19480323791504,2942500,0.0,0,13.275402
2021-07-02,13.252380916924912,13.377130978113351,13.08924509516538,13.290765762329102,983600,0.0,0,13.018082
2021-07-05,13.319553684116002,13.319553684116002,13.022070456656431,13.108436584472656,632100,0.0,0,13.065554
2021-07-06,13.050860309561925,13.070052274768509,12.58064480724738,12.609434127807615,1393000,0.0,0,12.938376
2021-07-07,12.676606909405404,12.810954321544648,12.475086248779975,12.695798873901367,2165900,0.0,0,12.486438
2021-07-08,12.465490050128034,12.676607154669528,12.062448721079226,12.628625869750977,3576900,0.0,0,12.510463
2021-07-12,12.78216469535827,12.974089826714147,12.551855635931435,12.906915664672852,1738600,0.0,0,12.47591
2021-07-13,13.098840528966695,13.377130885001758,12.88772433829658,13.118033409118652,3169300,0.0,0,12.693973
2021-07-14,13.127629789985686,13.645825654581602,13.118033349952992,13.53067111968994,1689700,0.0,0,12.901101
2021-07-15,13.530670860887763,13.665017358108264,13.213995667201049,13.329150199890137,1045200,0.0,0,13.242094
2021-07-16,13.32915063122544,13.617036514680802,13.185206774330856,13.24278450012207,1412100,0.0,0,13.153869
2021-07-19,13.012475070959256,13.223591257689758,12.84933925337949,13.185206413269045,864700,0.0,0,13.046672
2021-07-20,13.223590952345502,13.281168675230496,13.031666734673616,13.0796480178833,742200,0.0,0,12.991019
2021-07-21,13.079648060199071,13.223590995126962,12.887723841906269,12.983685493469238,828800,0.0,0,12.898857
2021-07-22,12.954897145088664,13.271572335421926,12.954897145088664,13.25238037109375,905800,0.0,0,12.806742
2021-07-23,13.29076559819386,13.3867272529358,12.86853138879528,12.897319793701172,1287200,0.0,0,13.008556
2021-07-26,12.85893519061238,12.887724511226612,12.48468317429645,12.561452865600586,902900,0.0,0,12.761822
2021-07-27,12.475086729640934,12.561452861119,12.196796369971004,12.29275894165039,1304100,0.0,0,12.422915
2021-07-28,12.340738843563804,12.50387466012195,12.168007502335731,12.37912368774414,2119300,0.0,0,12.161901
2021-07-29,12.350335121154783,12.475086091893743,12.311950277478708,12.350335121154783,590200,0.0,0,12.222849
2021-07-30,12.28316254904908,12.331143835074712,11.86092833022382,12.196796417236328,1825200,0.0,0,12.213198
2021-08-02,12.321546857432228,12.619029170516017,12.110429757227465,12.427104949951172,1400000,0.0,0,12.073428
2021-08-03,12.436701104893409,12.455893068926844,11.90890882405466,12.273565292358398,1019700,0.0,0,12.259413
2021-08-04,12.24477716920629,12.427104949951172,12.091237792754416,12.427104949951172,987400,0.0,0,12.153037
2021-08-05,12.455892964885814,12.513470686838884,12.033659692841738,12.10083293914795,1463400,0.0,0,12.26519
2021-08-06,12.139217865417002,13.041263052819112,12.052852654644624,12.954896926879885,3004400,0.0,0,11.995607
2021-08-09,12.92610916084684,13.482689871944409,12.897319840669214,13.166014671325684,2529900,0.0,0,12.662012
2021-08-10,13.23318745997569,13.329150026887849,12.599837080822669,12.61902904510498,3882500,0.0,0,12.955511
2021-08-11,12.667010799482618,12.810954655202256,12.379124003210238,12.53266429901123,1236300,0.0,0,12.510242
2021-08-12,12.532664086097236,12.57104893060365,12.052853072183614,12.235180854797363,2113700,0.0,0,12.371603
2021-08-13,12.263969281743114,12.5134712290731,12.072045058861155,12.187199592590332,1155400,0.0,0,12.115567
2021-08-16,12.148814793506132,12.158411233477883,11.41950182865684,11.505867958068848,2500300,0.0,0,12.051646
2021-08-17,11.486676350541382,11.486676350541382,10.776555328383113,11.29475212097168,4970900,0.0,0,11.415975
2021-08-18,11.313943723390649,12.110429936928597,11.14121146473576,11.822543144226074,3800300,0.0,0,11.204731
2021-08-19,11.640215360775713,11.918505713515875,11.448291137362997,11.822543144226074,2820900,0.0,0,11.695704
2021-08-20,11.726581582540677,11.995275497436523,11.592234167509304,11.995275497436523,1656900,0.0,0,11.731672
2021-08-23,11.995275282912306,12.062448531643216,11.630618804491748,11.697792053222656,1456000,0.0,0,11.871419
2021-08-24,11.832139157694632,12.542259216308596,11.745773031480288,12.542259216308594,1421700,0.0,0,11.610174
2021-08-25,12.542259762573186,12.580644607543944,12.215988122738294,12.580644607543944,1113100,0.0,0,12.305679
2021-08-26,12.532664507707713,12.619029724377388,12.3023545177545,12.465490341186523,1365100,0.0,0,12.44127
2021-08-27,12.523067866599956,12.85893503315103,12.359932045784587,12.801358222961426,1692600,0.0,0,12.325705
2021-08-30,12.762972751652685,12.782164715718732,12.446297565644652,12.542259216308594,586800,0.0,0,12.590867
2021-08-31,12.542259633713671,12.83014642562005,12.072045058861155,12.187199592590332,1762400,0.0,0,12.4170885
2021-09-01,12.206392556371355,12.302354210888556,12.072045141847012,12.091238021850586,711500,0.0,0,12.067391
2021-09-02,12.08164121839618,12.244777032851372,11.822542837143748,12.03365993499756,1106800,0.0,0,11.962386
2021-09-03,11.98567937503564,12.13921875904513,11.496271902130198,11.515464782714844,2103100,0.0,0,11.913981
2021-09-06,11.51546464500514,11.688196907533628,11.43869495391846,11.438694953918455,660500,0.0,0,11.427357
2021-09-08,11.429098269325852,11.44829114927053,10.853325598488828,10.920498847961426,979300,0.0,0,11.346486
2021-09-09,10.94928739145501,11.064441927081592,10.565438939366407,10.997268676757812,764800,0.0,0,10.847147
2021-09-10,11.217980626922254,11.352328034581069,11.05484573106298,11.15080738067627,1201800,0.0,0,10.939597
2021-09-13,11.160404445786083,11.697792276211024,11.160404445786083,11.678600311279297,1103800,0.0,0,11.0936775
2021-09-14,11.803351362911997,12.20639269592608,11.611427136516456,12.168007850646973,3051000,0.0,0,11.574508
2021-09-15,12.139218576937628,12.215988267790706,11.812947848395495,12.07204532623291,2180700,0.0,0,12.023725
2021-09-16,11.937697975326651,11.995275701366651,11.582637924386228,11.65940761566162,1254300,0.0,0,11.967925
2021-09-17,11.659406884075112,11.716984606502312,11.371521017439658,11.640214920043944,1049100,0.0,0,11.566066
2021-09-20,11.217981493278328,11.745773809996354,11.217981493278328,11.611427307128906,1858600,0.0,0,11.537265
2021-09-21,11.678599884096467,11.956890229178873,11.601830196843864,11.764966011047363,906800,0.0,0,11.520512
2021-09-22,11.918505446256027,12.062448381796075,11.736176751727308,11.937697410583496,1142100,0.0,0,11.6595745
2021-09-23,11.88012116445356,11.9856792611655,11.43869498203659,11.65940761566162,1476700,0.0,0,11.822456
2021-09-24,11.486676198882062,11.812947842426228,11.409906508067776,11.803351402282717,1258100,0.0,0,11.573319
2021-09-27,11.659406863504744,11.764965868573904,11.515463930440973,11.688196182250977,990000,0.0,0,11.6889515
2021-09-28,11.63061920564427,11.63061920564427,11.102826891958632,11.390713691711426,1612100,0.0,0,11.597922
2021-09-29,11.42909858152611,11.486676307766064,10.997268837810646,11.026057243347168,1512900,0.0,0,11.308464
2021-09-30,11.03565297211513,11.150807502004136,10.83413231601766,10.95888328552246,1119700,0.0,0,10.952245
2021-10-01,10.891710538539334,11.94729423522949,10.824536373311918,11.947294235229492,1985400,0.0,0,10.900516
2021-10-04,11.937697290517283,11.937697290517283,11.198788825587584,11.496271133422852,1855800,0.0,0,11.785511
2021-10-05,11.544252768628116,11.582637613234656,11.18919272722589,11.285155296325684,1067400,0.0,0,11.441049
2021-10-06,11.131615497569976,11.371520996093752,10.738169711250828,11.37152099609375,1713400,0.0,0,11.201255
2021-10-07,11.457886227596838,11.601830076072204,11.246770047433264,11.32353973388672,1279000,0.0,0,11.292421
2021-10-08,11.448291330925167,12.081641736478964,11.381117165219804,11.851332664489746,3821800,0.0,0,11.253057
2021-10-11,11.851332015387882,11.899312383049224,11.592233637215752,11.640214920043944,825600,0.0,0,11.724975
2021-10-13,11.68819630098709,12.254373429745389,11.621022138396995,12.12962245941162,1583100,0.0,0,11.564421
2021-10-14,12.359931670027311,12.359931670027311,11.784158094634138,11.88971710205078,1020000,0.0,0,11.971827
2021-10-15,12.22558441487904,12.67660702420457,12.0144682276772,12.235180854797363,2960000,0.0,0,11.801283
2021-10-18,12.129623189681563,12.2447777272687,11.82254350761562,12.148815155029297,1427100,0.0,0,12.074834
2021-10-19,12.139217881246385,12.139217881246385,11.112422638556296,11.32353973388672,2965400,0.0,0,12.035386
2021-10-20,11.381116808524183,11.525060660381277,11.112422899624567,11.208385467529297,1714900,0.0,0,11.230086
2021-10-21,10.872517927832147,11.064442157879888,10.181589784493378,10.344725608825684,2498800,0.0,0,11.123365
2021-10-22,10.239166935673657,10.239166935673657,9.269948484441771,9.76895236968994,2793400,0.0,0,10.245362
2021-10-25,9.874510436335392,10.162397222078445,9.740163025610803,10.1336088180542,1814000,0.0,0,9.704596
2021-10-26,10.124012322588802,10.124012322588802,9.442680663320104,9.54823875427246,1588700,0.0,0,10.149744
2021-10-27,9.692182622838764,10.028049775705997,9.567431652288011,9.816932678222656,1476300,0.0,0,9.45402
2021-10-28,9.77854762328513,9.90329859113995,9.193178541966516,9.25075626373291,2748900,0.0,0,9.838165
2021-10-29,9.31792955067762,9.413892115653429,8.991657927960077,9.154793739318848,2305600,0.0,0,9.134644
2021-11-01,9.25075656103112,9.692182724870438,9.078024305347556,9.67298984527588,1292200,0.0,0,9.128267
2021-11-03,9.62500826062031,9.912895039372533,9.375507239857436,9.884106636047363,2861900,0.0,0,9.6757
2021-11-04,9.76895284913022,9.951280637585718,9.43308476256278,9.586624145507812,1199300,0.0,0,9.857598
2021-11-05,9.653798090632858,10.018453659185058,9.596220365764836,9.970473289489746,1579000,0.0,0,9.52762
2021-11-08,9.999261787006413,10.008858227101165,9.548239169388976,9.77854824066162,1067900,0.0,0,9.985023
2021-11-09,10.028049875433002,10.354321507015545,9.912895343433316,9.989665031433104,2153500,0.0,0,9.732494
2021-11-10,9.999261267659946,10.642208077944238,9.941683545248836,10.37351417541504,1417000,0.0,0,9.991151
2021-11-11,10.373514728480968,11.237174204525845,10.325533443108052,10.680593490600586,2881400,0.0,0,10.365713
2021-11-12,10.690189995676745,10.930095508832414,10.171994123867172,10.267955780029297,1168900,0.0,0,10.657454
2021-11-16,10.392706530995664,10.392706530995664,9.644201602451714,9.701778411865234,918000,0.0,0,10.216514
2021-11-17,9.874510234233938,9.932087956270852,9.29873667453218,9.471468925476074,959600,0.0,0,9.633097
2021-11-18,9.5578350340164,10.066434431246307,9.49066178773137,9.836125373840332,1985600,0.0,0,9.445804
2021-11-19,9.836125994856692,10.52705412586409,9.740163423962064,10.36391830444336,2006000,0.0,0,9.847592
2021-11-22,10.383110310851716,10.527054167766623,9.81693315368693,9.999261856079102,1607900,0.0,0,10.356611
2021-11-23,10.076030912578974,10.076030912578974,9.653797638915742,9.74016284942627,1716300,0.0,0,9.946251
2021-11-24,9.71137452532835,10.152800681714496,9.5770271159354,9.96087646484375,1584000,0.0,0,9.708009
2021-11-25,10.066435246464737,10.363918489413916,9.999261994739756,10.344725608825684,1217700,0.0,0,9.965319
2021-11-26,10.047242755016384,10.08562759901628,9.70177824385046,9.989665031433104,1028400,0.0,0,10.337576
2021-11-29,10.04724277683012,10.11441602518406,9.788144392893145,9.941683769226074,1596300,0.0,0,9.938799
2021-11-30,9.874510461492347,10.076031120509208,9.423487859851404,9.76895236968994,1838900,0.0,0,9.928889
2021-12-01,9.86491432502583,10.411899510697818,9.768952670027986,9.874510765075684,3639700,0.0,0,9.737036
2021-12-02,9.951280659446036,10.200782614863256,9.778548395669974,10.17199420928955,1554600,0.0,0,9.869256
2021-12-03,10.171993767144846,10.910902245864689,10.162397327315102,10.89171028137207,2269600,0.0,0,10.167634
2021-12-06,10.920498927191725,11.563445767332931,10.718978262144972,11.409906387329102,2814800,0.0,0,10.860005
2021-12-07,11.515464668776534,11.707388896889428,11.313944000466268,11.390713691711426,2158500,0.0,0,11.341445
2021-12-08,11.47707963255394,12.120026472429892,11.265962527552327,11.995275497436523,1754000,0.0,0,11.326361
2021-12-09,12.100833508814253,12.75337678422329,11.323540174439968,11.505867958068848,4267700,0.0,0,11.85016
2021-12-10,11.563446007356731,12.532664507707713,11.563446007356731,12.465490341186523,2165200,0.0,0,11.438753
2021-12-13,12.561452368741032,12.571048808566196,12.110429763793944,12.110429763793944,1209200,0.0,0,12.224287
2021-12-14,12.129623094197932,12.340739287195664,11.534657530431137,11.707388877868652,2292400,0.0,0,12.0303545
2021-12-15,11.851331994478906,11.851331994478906,11.256365552725962,11.688196182250977,1025200,0.0,0,11.604444
2021-12-16,11.966486545075435,11.966486545075435,11.36192457784065,11.640214920043944,904300,0.0,0,11.582207
2021-12-17,11.496271834346912,12.033660590378547,11.438695023266291,11.928102493286133,1907800,0.0,0,11.547647
2021-12-20,11.678599922763397,12.0912376794875,11.678599922763397,11.985678672790527,1834900,0.0,0,11.804005
2021-12-21,12.052853470850028,12.168008008178182,11.764966669946183,11.928102493286133,1748700,0.0,0,11.875001
2021-12-22,12.014468354750978,12.215988104165913,11.870524499954309,12.043256759643556,658400,0.0,0,11.81944
2021-12-23,12.091238206529631,12.235181148087428,11.764966562820597,12.07204532623291,808800,0.0,0,11.91661
2021-12-27,11.956890525131982,12.331143446126962,11.889717275915018,12.187199592590332,777600,0.0,0,11.951787
2021-12-28,12.263969506261294,12.38872048221012,12.06244883975425,12.168007850646973,6299100,0.0,0,12.051603
2021-12-29,12.196796413718491,12.273566105270596,11.755370229710444,11.928102493286133,934400,0.0,0,12.04345
2021-12-30,11.947294462036574,12.206392857474835,11.86092833022382,12.196796417236328,1606600,0.0,0,11.822852
2022-01-03,12.196796369756289,12.196796369756289,11.505868233110832,11.65940761566162,1074000,0.0,0,12.044684
2022-01-04,11.669004164718158,11.688197045299503,11.227577978183303,11.246770858764648,2468600,0.0,0,11.577792
2022-01-05,11.170001093795568,11.189193059084609,10.488669395446776,10.488669395446776,2424000,0.0,0,11.156162
2022-01-06,10.47907249510104,10.575035062833429,10.18158926726414,10.2583589553833,2334800,0.0,0,10.395075
2022-01-07,10.133608958279044,10.469476116987815,10.124012518415883,10.210378646850586,1837800,0.0,0,10.221824
2022-01-10,10.076031733514045,10.14320498555072,9.81693333537213,9.980069160461426,588900,0.0,0,10.189746
2022-01-11,9.96087717079468,10.11441655517298,9.855319072826331,10.028050422668455,1154000,0.0,0,9.945426
2022-01-12,9.9704727849479,10.287147967779884,9.951279905907493,10.15280055999756,1131100,0.0,0,10.018977
2022-01-13,10.162397546290224,10.33512980628012,9.922492036378433,10.19118595123291,1301300,0.0,0,10.141411
2022-01-14,10.200782617995726,10.440688133239746,9.768952873589877,10.440688133239746,1603400,0.0,0,10.173012
2022-01-17,10.35432184120875,10.651805078184577,10.15280117491336,10.41189956665039,1109900,0.0,0,10.427506
2022-01-18,10.479073025483862,10.479073025483862,10.028050398580794,10.076031684875488,804900,0.0,0,10.385004
2022-01-19,10.15280133487483,10.805344629382304,10.114416489031267,10.70938205718994,2585200,0.0,0,10.03154
2022-01-20,10.901306098510403,11.75537004776747,10.76695959795702,11.582637786865234,4627000,0.0,0,10.693588
2022-01-21,11.44829072426313,11.745773031026776,11.361924598052118,11.592233657836914,1320700,0.0,0,11.484443
2022-01-24,11.553848856159888,11.592233699595628,11.24677010867397,11.496271133422852,1384400,0.0,0,11.524402
2022-01-25,11.342731833491266,12.110429622368608,11.342731833491266,12.03365993499756,1267600,0.0,0,11.413497
2022-01-26,12.0816417494092,12.60943405965786,11.928102367918733,12.388720512390137,2057300,0.0,0,11.886154
2022-01-27,12.321546809432624,12.887723944268476,12.302353929867472,12.83974266052246,2843400,0.0,0,12.232069
2022-01-28,12.791761676457387,13.022070745633613,12.638222297006571,12.945301055908203,1257200,0.0,0,12.623136
2022-01-31,12.887724473595153,13.290765809348455,12.820550307524998,13.19480323791504,1282900,0.0,0,12.759985
2022-02-01,13.175610381122752,13.357939084138913,12.916512902056246,13.146821975708008,1238000,0.0,0,12.962487
2022-02-02,13.156418030888112,13.319553848742444,12.95489736854846,13.137225151062012,1179400,0.0,0,12.960353
2022-02-03,13.175610249858693,13.674614152966347,13.070052154278333,13.338746070861816,2534000,0.0,0,12.940826
2022-02-04,13.319554090502333,13.3387460555099,12.619029521971592,12.801358222961426,2208200,0.0,0,13.098222
2022-02-07,12.762973377779392,12.83974306814346,12.446298176235889,12.801358222961426,1162400,0.0,0,12.686166
2022-02-08,12.69579871127062,12.77256931377168,12.484682528685004,12.667010307312012,980000,0.0,0,12.616264
2022-02-09,12.916512124848476,13.05085953397822,12.407912722345705,12.542259216308594,906000,0.0,0,12.515661
2022-02-10,12.494279392734908,12.714992022525044,12.350335537719394,12.580644607543944,598500,0.0,0,12.394074
2022-02-11,12.647818446091245,12.974090077502836,12.369528098446102,12.523067474365234,2462700,0.0,0,12.416866
2022-02-14,12.427105067614544,12.839742832111083,12.388720223138138,12.55185604095459,1706000,0.0,0,12.375241
2022-02-15,12.609434086764653,12.99328254131599,12.54225992084299,12.974090576171877,1679100,0.0,0,12.392628
2022-02-16,13.012474915941365,13.098840128483946,12.743780093030434,12.83974266052246,1173800,0.0,0,12.739679
2022-02-17,12.762972855245028,12.916512229687044,12.369527979445651,12.398316383361816,1018000,0.0,0,12.68796
2022-02-18,12.561452095541496,12.580644059607543,12.302353716898455,12.542259216308594,1181000,0.0,0,12.279034
2022-02-21,12.551856231274868,12.551856231274868,11.908909390171065,11.947294235229492,1046500,0.0,0,12.364818
2022-02-22,12.014467807991306,12.28316171015027,11.707388147499929,12.004871368408203,1390300,0.0,0,11.855616
2022-02-23,11.947294258229586,12.273565899437768,11.774562912717588,11.89931297302246,1050100,0.0,0,11.8694935
2022-02-24,11.438694284802096,11.937697247675915,11.256365592761522,11.90890884399414,1132500,0.0,0,11.793948
2022-02-25,11.880120976480372,11.918505821510724,11.38111707591889,11.678600311279297,967600,0.0,0,11.794926
2022-03-02,11.726581292030309,11.726581292030309,11.419501624589932,11.573041915893556,683200,0.0,0,11.58649
2022-03-03,11.56344568273248,11.899312845241866,11.41950182865684,11.505867958068848,1202700,0.0,0,11.479515
2022-03-04,11.49627123981032,11.505867679549777,10.930095022685434,11.035653114318848,1150800,0.0,0,11.41962
2022-03-07,10.930095201192636,11.01646041475763,10.335129655132574,10.43109130859375,1399900,0.0,0,10.962093
2022-03-08,10.555841851214105,10.81494022684217,10.229570229386246,10.517457008361816,1328900,0.0,0,10.353116
2022-03-09,10.623015742149525,11.716985202585516,10.507861206603666,11.582637786865234,2952300,0.0,0,10.49295
2022-03-10,11.515464756185107,11.515464756185107,11.054846605217824,11.29475212097168,977000,0.0,0,11.468981
2022-03-11,11.313943597852145,11.313943597852145,10.191185759387151,10.527053833007812,5649400,0.0,0,11.247266
2022-03-14,10.642208261835014,11.026056700652246,10.527053730189843,10.67099666595459,1864100,0.0,0,10.434836
2022-03-15,10.594226816453872,10.824535876228188,10.354321317063915,10.642208099365234,2693200,0.0,0,10.63852
2022-03-16,10.786151076408736,10.901305606760053,10.018453292233104,10.229570388793944,3555100,0.0,0,10.607878
2022-03-17,10.219974482890136,10.277552208656289,9.3851034078658,9.730567932128906,3477400,0.0,0,10.177223
2022-03-18,9.692182698383952,10.05683825801538,9.44268075533772,10.037646293640137,2437400,0.0,0,9.6710205
2022-03-21,10.076031094838845,10.32553303682728,9.701778181856186,10.1336088180542,1899400,0.0,0,10.052493
2022-03-22,10.17199421241318,10.546246230487023,10.076031640248807,10.440688133239746,2439400,0.0,0,10.115879
2022-03-23,10.45988001294323,10.632612275358271,10.15280124879818,10.536649703979492,1821800,0.0,0,10.429341
2022-03-24,10.507860938699174,11.170000645164812,10.45987965465332,11.160404205322266,3128700,0.0,0,10.512307
2022-03-25,11.227577419315043,12.033660060269325,11.14121129133182,11.84173583984375,3571500,0.0,0,11.104998
2022-03-28,11.851332407095486,11.899312776342663,11.5730420556942,11.64981174468994,1291200,0.0,0,11.723479
2022-03-29,11.82254305590833,12.072045002064456,11.745773367116737,12.0144681930542,1836400,0.0,0,11.577553
2022-03-30,12.024064150142806,12.09123831662608,11.525061155054136,11.928102493286133,2696400,0.0,0,11.875438
2022-03-31,11.860927705459469,12.129622526982963,11.592233799102834,11.6690034866333,838600,0.0,0,11.828942
2022-04-01,11.71698451001697,12.177602624974144,11.630618384670788,12.10083293914795,1327300,0.0,0,11.574863
2022-04-04,12.072045233701356,12.158411364040804,11.716985187435656,11.89931297302246,1254900,0.0,0,11.948174
2022-04-05,11.889717455420564,12.072045241119405,11.208385767528016,11.31394386291504,2235000,0.0,0,11.807531
2022-04-06,11.237174394517313,11.33313696688562,10.786151768653326,11.29475212097168,1921700,0.0,0,11.224962
2022-04-07,11.265962334087558,11.429098151264595,11.045249708005022,11.38111686706543,1238700,0.0,0,11.211639
2022-04-08,11.352328200325012,11.400309483415604,10.930094922494888,11.179595947265623,1217600,0.0,0,11.305467
2022-04-11,11.01646068845827,11.07403841409898,10.805344496498437,10.90130615234375,1289200,0.0,0,11.114009
2022-04-12,11.256366269801331,11.49627178363512,11.01646075596754,11.12201976776123,1737100,0.0,0,10.838888
2022-04-13,11.237174418473977,11.371521837042645,11.045250188495109,11.246770858764648,906200,0.0,0,11.062469
2022-04-14,11.237173670007708,11.256365634143828,11.026056573509216,11.179595947265623,1705800,0.0,0,11.185415
2022-04-18,11.093230553948873,11.3235396108059,11.035652832151197,11.1987886428833,939500,0.0,0,11.117841
2022-04-19,11.170000421802492,11.601830139246276,10.949286885671848,11.496271133422852,1426300,0.0,0,11.133652
2022-04-20,11.525060953822928,11.649811929208632,11.333136728293727,11.630619049072266,975800,0.0,0,11.41156
2022-04-22,11.515464242994572,11.515464242994572,11.016460353184709,11.160404205322266,883400,0.0,0,11.543888
2022-04-25,11.045249672712345,11.160404205322266,10.824536132168175,11.160404205322266,973500,0.0,0,11.088748
2022-04-26,11.102826405444024,11.227577377042673,10.728574405814951,10.939690589904783,947400,0.0,0,11.089475
2022-04-27,11.08363435538632,11.189192446615326,10.84372885382024,11.13161563873291,844300,0.0,0,10.882233
2022-04-28,11.16040394194871,11.745773031026776,10.930094882163914,11.592233657836914,2400300,0.0,0,11.071669
2022-04-29,11.716984777983468,11.860927713407838,11.035653114318848,11.035653114318848,1303300,0.0,0,11.4993305
2022-05-02,11.035653451214165,11.035653451214165,10.584630836526507,10.776555061340332,1716000,0.0,0,10.9721
2022-05-03,10.757363051348811,10.968480155342489,10.670996921752906,10.872517585754396,857300,0.0,0,10.714604
2022-05-04,10.814940699782571,11.352328523214709,10.584630717430487,11.333136558532717,1046600,0.0,0,10.827716
2022-05-05,11.208385496925777,11.208385496925777,10.651804798019093,10.84372901916504,1165200,0.0,0,11.26271
2022-05-06,10.843729095548476,10.930095224464235,10.171993859222509,10.38311004638672,2735900,0.0,0,10.785783
2022-05-09,10.210378404858032,10.219973929326898,9.42348774289924,9.644201278686523,2464900,0.0,0,10.320482
2022-05-10,9.644201717331477,9.893703668207104,9.39469976645585,9.826529502868652,2146000,0.0,0,9.550624
2022-05-11,9.81693314802778,10.028050255614469,9.62500892075211,9.730567932128906,933000,0.0,0,9.8465605
2022-05-12,9.701778724361311,9.884107428766365,9.500258054589208,9.855319023132324,2472900,0.0,0,9.695835
2022-05-13,10.085627413822136,10.623015219953054,10.04724257052707,10.325532913208008,2807500,0.0,0,9.848591
2022-05-16,10.354321316887594,10.498264250452378,10.200781943707332,10.325532913208008,714200,0.0,0,10.323237
2022-05-17,10.402302742004396,10.54624567753697,10.23916692697848,10.402302742004396,1301200,0.0,0,10.30037
2022-05-18,10.440687293414392,10.440687293414392,9.836125333809036,9.932087898254396,1100500,0.0,0,10.382293
2022-05-19,9.922492348763392,10.085628173852689,9.749760083335453,9.980069160461426,1756800,0.0,0,9.872406
2022-05-20,10.00885816637338,10.239167236248646,9.893703631435748,10.19118595123291,1394900,0.0,0,9.977129
2022-05-23,10.181589565004511,10.843729288353824,10.181589565004511,10.728574752807615,1983200,0.0,0,10.18377
2022-05-24,10.51745731705779,10.642208288780974,10.162397281461123,10.306340217590332,1018200,0.0,0,10.707493
2022-05-25,10.306340196131904,10.392706323696355,9.980068565407024,10.354321479797363,2569500,0.0,0,10.255316
2022-05-26,10.315937116830971,11.160404637145072,10.315937116830971,11.0740385055542,2682100,0.0,0,10.336294
2022-05-27,11.045249411730929,11.131615537939394,10.766959069040784,10.95888328552246,1461000,0.0,0,11.026051
2022-05-30,10.987671878943225,11.122019290383797,10.613419879132913,10.62301540374756,462100,0.0,0,10.917011
2022-05-31,10.66140049413306,10.786151468675598,10.450284305061276,10.555842399597168,851100,0.0,0,10.568561
2022-06-01,10.61342014732038,10.651804992249495,10.267955627791428,10.507861137390137,809800,0.0,0,10.520077
2022-06-02,10.613419737357573,10.87251720182928,10.48866876736495,10.546245574951172,1412500,0.0,0,10.476652
2022-06-03,10.507861381427892,10.517457821674766,10.076031637154648,10.17199420928955,1672000,0.0,0,10.51842
2022-06-06,10.171993456602689,10.267955106469902,9.64420117924906,9.7881441116333,1263100,0.0,0,10.123508
2022-06-07,9.74016331799783,9.74016331799783,9.481065843668118,9.65379810333252,1389600,0.0,0,9.742408
2022-06-08,9.548239299771554,9.759356408904427,9.317930225354006,9.586624145507812,1346200,0.0,0,9.634269
2022-06-09,9.59621989673203,9.941683483554318,9.548238614215,9.7881441116333,1359400,0.0,0,9.561104
2022-06-10,9.63460531582774,9.672990161103275,9.289141708347946,9.461873054504396,1487700,0.0,0,9.783597
2022-06-13,9.2891415484618,9.2891415484618,8.684579559402797,8.847715377807617,2595500,0.0,0,9.391928
2022-06-14,8.84771525260312,9.12600560091438,8.799733968721826,9.039639472961426,1288600,0.0,0,8.803713
2022-06-15,9.116408779678707,9.471468801277751,9.058831058396803,9.346717834472656,1702100,0.0,0,9.023783
2022-06-17,9.15479439845326,9.385103472776972,8.761349501025187,9.317930221557615,2250000,0.0,0,9.289344
2022-06-20,9.26035225160842,9.45227739032587,9.116409312737218,9.385103225708008,1188200,0.0,0,9.243483
2022-06-21,9.48106536203639,9.500257325931443,8.962869524534073,9.154793739318848,1037100,0.0,0,9.348472
2022-06-22,9.030042928828228,9.720971029302742,8.943676801873055,9.50025749206543,2427100,0.0,0,9.068165
2022-06-23,9.529046728103914,9.711374504956945,9.471469005580042,9.692182540893556,1504000,0.0,0,9.49854
2022-06-24,9.768952670027986,9.922492050158054,9.605816849848065,9.874510765075684,1992200,0.0,0,9.661535
2022-06-27,9.903299124615906,10.037646539196697,9.720971340339808,9.970473289489746,2330500,0.0,0,9.860424
2022-06-28,10.018453696058629,10.018453696058629,9.519450711089029,9.605816841125488,2330300,0.0,0,9.954475
2022-06-29,9.605816894790587,9.77854824066162,9.442681073847403,9.77854824066162,1954700,0.0,0,9.545826
2022-06-30,9.663393479625816,9.980068674030951,9.557835386546396,9.89370346069336,1727000,0.0,0,9.784698
2022-07-01,9.7305678199439,10.459879875183104,9.69218297493131,10.459879875183104,2612500,0.0,0,9.877604
2022-07-04,10.267955170189143,10.57503483110365,10.267955170189143,10.37351417541504,967600,0.0,0,10.454924
2022-07-05,10.306340608005742,10.584630966186523,10.181589631556854,10.584630966186523,1455500,0.0,0,10.343318
2022-07-06,10.575035289398096,10.9204988933357,10.54624596936146,10.824536323547363,1766700,0.0,0,10.563277
2022-07-07,11.035653131318446,11.47707929317786,10.78615118870946,11.304347038269045,3520800,0.0,0,10.791674
2022-07-08,11.265962585322402,11.582637786865234,11.160404489863756,11.582637786865234,1564600,0.0,0,11.238516
2022-07-11,11.448290682408013,11.601830055036531,11.189192304722246,11.37152099609375,1226600,0.0,0,11.500779
2022-07-12,11.409906326242666,11.563445705424478,11.27555891187514,11.457886695861816,3476000,0.0,0,11.301602
2022-07-13,11.409905780261926,11.592233555523952,11.323539654813182,11.419501304626465,2917500,0.0,0,11.372454
2022-07-14,11.31394397189774,11.381117222775908,11.112423304096328,11.170001029968262,1706700,0.0,0,11.343324
2022-07-15,11.220000267028809,11.420000076293944,10.869999885559082,11.350000381469728,2458200,0.47,0,11.10065
2022-07-18,11.449999809265137,11.5,11.020000457763672,11.020000457763672,947600,0.0,0,11.272307
2022-07-19,11.09000015258789,11.239999771118164,10.9399995803833,11.109999656677246,939200,0.0,0,10.958808
2022-07-20,11.09000015258789,11.15999984741211,10.800000190734863,10.90999984741211,1469300,0.0,0,11.047594
2022-07-21,10.890000343322754,11.220000267028809,10.890000343322754,11.140000343322754,1268500,0.0,0,10.856306
2022-07-22,11.1899995803833,11.529999732971191,11.119999885559082,11.369999885559082,1979500,0.0,0,11.080397
2022-07-25,11.449999809265137,11.510000228881836,10.93000030517578,10.93000030517578,715700,0.0,0,11.300219
2022-07-26,10.920000076293944,10.920000076293944,10.539999961853027,10.770000457763672,819400,0.0,0,10.867738
2022-07-27,10.800000190734863,11.220000267028809,10.770000457763672,11.18000030517578,650800,0.0,0,10.716366
2022-07-28,11.140000343322754,11.68000030517578,11.130000114440918,11.649999618530272,714500,0.0,0,11.119672
2022-07-29,11.68000030517578,11.880000114440918,11.539999961853027,11.84000015258789,766300,0.0,0,11.555698
